#academic_year,lea_number,lea_name,school_number,school_name,star_rating,total_earned_points_percent,percentile_rank_elementary,percentile_rank_middle,percentile_rank_high
2018,1,Allegany,301,Flintstone Elementary,4,64,52,na,na
2018,1,Allegany,401,South Penn Elementary,4,65,52,na,na
2018,1,Allegany,402,John Humbird Elementary,4,69,67,na,na
2018,1,Allegany,405,Fort Hill High,3,59,na,na,45
2018,1,Allegany,406,Washington Middle,3,56,na,49,na
2018,1,Allegany,502,Northeast Elementary,5,79,91,na,na
2018,1,Allegany,504,Braddock Middle,3,58,na,55,na
2018,1,Allegany,601,Center for Career & Technical Education,4,60,na,na,48
2018,1,Allegany,603,West Side Elementary,5,78,88,na,na
2018,1,Allegany,606,Allegany High,4,64,na,na,57
2018,1,Allegany,701,Cresaptown Elementary,5,79,90,na,na
2018,1,Allegany,702,Bel Air Elementary,4,65,54,na,na
2018,1,Allegany,801,Westernport Elementary,4,72,76,na,na
2018,1,Allegany,802,Westmar Middle,4,65,na,70,na
2018,1,Allegany,1001,George's Creek Elementary,4,70,68,na,na
2018,1,Allegany,1101,Frost Elementary,5,88,99,na,na
2018,1,Allegany,1301,Mount Savage Middle,3,59,na,56,na
2018,1,Allegany,1302,Mt. Savage Elementary,4,68,63,na,na
2018,1,Allegany,2404,Mountain Ridge High School,4,60,na,na,46
2018,1,Allegany,2801,Beall Elementary,5,79,91,na,na
2018,1,Allegany,2901,Cash Valley Elementary,5,84,97,na,na
2018,1,Allegany,2902,Parkside Elementary,5,79,91,na,na
2018,2,Anne Arundel,1023,Brooklyn Park Middle,3,54,na,40,na
2018,2,Anne Arundel,1033,Glen Burnie High,3,51,na,na,33
2018,2,Anne Arundel,1043,Corkran Middle School,3,54,na,42,na
2018,2,Anne Arundel,1053,Lindale Middle,3,52,na,35,na
2018,2,Anne Arundel,1063,Marley Middle,4,60,na,59,na
2018,2,Anne Arundel,1082,Belle Grove Elementary,2,39,6,na,na
2018,2,Anne Arundel,1092,Brooklyn Park Elementary,2,37,5,na,na
2018,2,Anne Arundel,1112,George T. Cromwell Elementary,2,38,6,na,na
2018,2,Anne Arundel,1122,Freetown Elementary,2,34,4,na,na
2018,2,Anne Arundel,1132,Glendale Elementary,2,44,12,na,na
2018,2,Anne Arundel,1142,Hilltop Elementary,2,39,6,na,na
2018,2,Anne Arundel,1152,Linthicum Elementary,3,56,28,na,na
2018,2,Anne Arundel,1162,Marley Elementary,3,45,13,na,na
2018,2,Anne Arundel,1172,North Glen Elementary,3,46,15,na,na
2018,2,Anne Arundel,1182,Oakwood Elementary,3,49,16,na,na
2018,2,Anne Arundel,1192,Overlook Elementary,3,48,16,na,na
2018,2,Anne Arundel,1202,Park Elementary,2,38,5,na,na
2018,2,Anne Arundel,1212,Point Pleasant Elementary,2,43,10,na,na
2018,2,Anne Arundel,1232,Quarterfield Elementary,3,46,14,na,na
2018,2,Anne Arundel,1242,Richard Henry Lee Elementary,3,46,14,na,na
2018,2,Anne Arundel,1262,Woodside Elementary,2,43,11,na,na
2018,2,Anne Arundel,1323,North County High,3,53,na,na,35
2018,2,Anne Arundel,2013,Severna Park High,5,79,na,na,88
2018,2,Anne Arundel,2023,Northeast High,4,61,na,na,50
2018,2,Anne Arundel,2033,George Fox Middle,3,55,na,45,na
2018,2,Anne Arundel,2043,Severna Park Middle,5,80,na,95,na
2018,2,Anne Arundel,2052,Arnold Elementary,3,53,23,na,na
2018,2,Anne Arundel,2062,Belvedere Elementary,3,53,23,na,na
2018,2,Anne Arundel,2072,Benfield Elementary,4,66,56,na,na
2018,2,Anne Arundel,2082,Bodkin Elementary,3,54,24,na,na
2018,2,Anne Arundel,2092,Cape St. Claire Elementary,3,52,21,na,na
2018,2,Anne Arundel,2102,Folger Mckinsey Elementary,4,62,44,na,na
2018,2,Anne Arundel,2112,Fort Smallwood Elementary,3,51,20,na,na
2018,2,Anne Arundel,2132,High Point Elementary,2,43,11,na,na
2018,2,Anne Arundel,2142,Jacobsville Elementary,2,44,11,na,na
2018,2,Anne Arundel,2152,Jones Elementary,4,66,58,na,na
2018,2,Anne Arundel,2162,Lake Shore Elementary,3,45,13,na,na
2018,2,Anne Arundel,2172,Oak Hill Elementary,3,51,20,na,na
2018,2,Anne Arundel,2182,Pasadena Elementary,4,63,47,na,na
2018,2,Anne Arundel,2192,Riviera Beach Elementary,3,53,23,na,na
2018,2,Anne Arundel,2202,Severna Park Elementary,3,58,31,na,na
2018,2,Anne Arundel,2212,Solley Elementary,3,46,13,na,na
2018,2,Anne Arundel,2222,Sunset Elementary,3,47,15,na,na
2018,2,Anne Arundel,2233,Anne Arundel Evening High,1,23,na,na,0
2018,2,Anne Arundel,2243,Magothy River Middle,5,76,na,92,na
2018,2,Anne Arundel,2273,Chesapeake High,4,71,na,na,72
2018,2,Anne Arundel,2322,Broadneck Elementary,3,55,27,na,na
2018,2,Anne Arundel,2363,Broadneck High,4,72,na,na,75
2018,2,Anne Arundel,2372,Windsor Farm Elementary,4,60,37,na,na
2018,2,Anne Arundel,2413,Severn River Middle,4,70,na,82,na
2018,2,Anne Arundel,2423,Chesapeake Bay Middle,4,64,na,68,na
2018,2,Anne Arundel,2432,Shipley's Choice Elementary,4,65,54,na,na
2018,2,Anne Arundel,3013,Arundel High,4,67,na,na,65
2018,2,Anne Arundel,3023,Arundel Middle,4,68,na,77,na
2018,2,Anne Arundel,3033,MacArthur Middle,3,50,na,31,na
2018,2,Anne Arundel,3062,Brock Bridge Elementary,3,45,12,na,na
2018,2,Anne Arundel,3072,Crofton Elementary,4,62,43,na,na
2018,2,Anne Arundel,3082,Crofton Woods Elementary,4,60,39,na,na
2018,2,Anne Arundel,3092,Seven Oaks Elementary,3,53,23,na,na
2018,2,Anne Arundel,3102,Hebron - Harman Elementary,3,45,13,na,na
2018,2,Anne Arundel,3112,Jessup Elementary,3,47,16,na,na
2018,2,Anne Arundel,3122,Manor View Elementary,3,51,20,na,na
2018,2,Anne Arundel,3132,Maryland City Elementary,2,40,7,na,na
2018,2,Anne Arundel,3142,Meade Heights Elementary,2,42,9,na,na
2018,2,Anne Arundel,3152,Van Bokkelen Elementary,2,37,4,na,na
2018,2,Anne Arundel,3162,Millersville Elementary,3,45,12,na,na
2018,2,Anne Arundel,3172,Odenton Elementary,2,39,7,na,na
2018,2,Anne Arundel,3182,Pershing Hill Elementary,3,54,25,na,na
2018,2,Anne Arundel,3192,Ridgeway Elementary,3,53,24,na,na
2018,2,Anne Arundel,3202,Severn Elementary,3,46,14,na,na
2018,2,Anne Arundel,3212,South Shore Elementary,3,50,19,na,na
2018,2,Anne Arundel,3222,Waugh Chapel Elementary,3,58,32,na,na
2018,2,Anne Arundel,3242,Piney Orchard Elementary,3,55,26,na,na
2018,2,Anne Arundel,3263,Crofton Middle,4,72,na,86,na
2018,2,Anne Arundel,3272,Four Seasons Elementary,3,53,23,na,na
2018,2,Anne Arundel,3282,Nantucket Elementary,3,48,16,na,na
2018,2,Anne Arundel,3323,Meade High,3,57,na,na,40
2018,2,Anne Arundel,3333,Old Mill Middle North,3,55,na,44,na
2018,2,Anne Arundel,3343,Old Mill Middle South,4,62,na,63,na
2018,2,Anne Arundel,3353,Old Mill High,4,61,na,na,50
2018,2,Anne Arundel,3362,Crofton Meadows Elementary,3,51,19,na,na
2018,2,Anne Arundel,3372,Glen Burnie Park Elementary,2,42,9,na,na
2018,2,Anne Arundel,3382,Southgate Elementary,2,44,12,na,na
2018,2,Anne Arundel,3392,Rippling Woods Elementary,2,38,6,na,na
2018,2,Anne Arundel,3423,Meade Middle,3,53,na,37,na
2018,2,Anne Arundel,4013,Annapolis High,3,53,na,na,37
2018,2,Anne Arundel,4023,Southern High,4,68,na,na,68
2018,2,Anne Arundel,4033,Annapolis Middle,3,50,na,31,na
2018,2,Anne Arundel,4043,Wiley H. Bates Middle,3,59,na,57,na
2018,2,Anne Arundel,4053,Southern Middle,4,62,na,64,na
2018,2,Anne Arundel,4074,Phoenix Academy,1,28,0,5,9
2018,2,Anne Arundel,4092,Annapolis Elementary,2,38,5,na,na
2018,2,Anne Arundel,4112,Central Elementary,3,52,22,na,na
2018,2,Anne Arundel,4122,Davidsonville Elementary,3,55,26,na,na
2018,2,Anne Arundel,4132,Deale Elementary,3,51,20,na,na
2018,2,Anne Arundel,4142,Eastport Elementary,2,36,4,na,na
2018,2,Anne Arundel,4152,Edgewater Elementary,3,56,27,na,na
2018,2,Anne Arundel,4162,Georgetown East Elementary,2,42,9,na,na
2018,2,Anne Arundel,4182,Germantown Elementary,2,44,12,na,na
2018,2,Anne Arundel,4192,Hillsmere Elementary,3,50,18,na,na
2018,2,Anne Arundel,4202,Lothian Elementary,3,49,17,na,na
2018,2,Anne Arundel,4212,Mayo Elementary,3,52,21,na,na
2018,2,Anne Arundel,4222,Walter S. Mills - Parole Elementary,2,40,7,na,na
2018,2,Anne Arundel,4232,Rolling Knolls Elementary,4,60,36,na,na
2018,2,Anne Arundel,4242,Shady Side Elementary,2,40,8,na,na
2018,2,Anne Arundel,4252,Traceys Elementary,3,45,13,na,na
2018,2,Anne Arundel,4262,Tyler Heights Elementary,2,40,8,na,na
2018,2,Anne Arundel,4272,West Annapolis Elementary,4,65,53,na,na
2018,2,Anne Arundel,4283,Central Middle,5,78,na,95,na
2018,2,Anne Arundel,4293,South River High,4,72,na,na,74
2018,2,Anne Arundel,6113,Monarch Global Academy PCS Laurel Campus,3,55,15,70,na
2018,2,Anne Arundel,6123,Monarch Academy Annapolis ES,2,31,2,na,na
2018,2,Anne Arundel,6223,Chesapeake Science Point,5,82,na,97,93
2018,2,Anne Arundel,6233,Monarch Academy,3,52,10,62,na
2018,3,Baltimore County,54,Extended Day Learning Program,1,11,na,na,0
2018,3,Baltimore County,75,Crossroads Center,1,26,na,3,na
2018,3,Baltimore County,101,Catonsville Elementary,4,69,66,na,na
2018,3,Baltimore County,102,Westchester Elementary,5,80,93,na,na
2018,3,Baltimore County,103,Westowne Elementary,4,62,42,na,na
2018,3,Baltimore County,104,Edmondson Heights Elementary,4,63,46,na,na
2018,3,Baltimore County,105,Johnnycake Elementary,3,56,28,na,na
2018,3,Baltimore County,112,Dogwood Elementary,3,59,35,na,na
2018,3,Baltimore County,113,Chadwick Elementary,4,70,68,na,na
2018,3,Baltimore County,115,Hillcrest Elementary,4,74,82,na,na
2018,3,Baltimore County,116,Woodbridge Elementary,4,67,61,na,na
2018,3,Baltimore County,151,Catonsville Middle,4,61,na,60,na
2018,3,Baltimore County,155,Southwest Academy,2,42,na,17,na
2018,3,Baltimore County,172,Woodlawn High Center for Pre-Eng. Res.,2,42,na,na,18
2018,3,Baltimore County,174,Catonsville High,4,69,na,na,69
2018,3,Baltimore County,175,Western School of Technology & Env. Science,5,86,na,na,97
2018,3,Baltimore County,202,Randallstown Elementary,4,65,54,na,na
2018,3,Baltimore County,204,Featherbed Lane Elementary,3,57,29,na,na
2018,3,Baltimore County,205,Woodmoor Elementary,3,58,31,na,na
2018,3,Baltimore County,206,Scotts Branch Elementary,3,59,35,na,na
2018,3,Baltimore County,207,Church Lane Elementary Technology,4,62,42,na,na
2018,3,Baltimore County,209,Hebbville Elementary,4,63,46,na,na
2018,3,Baltimore County,210,Powhatan Elementary,4,60,37,na,na
2018,3,Baltimore County,211,Winfield Elementary,3,57,29,na,na
2018,3,Baltimore County,213,Winand Elementary,4,60,37,na,na
2018,3,Baltimore County,214,Hernwood Elementary,3,50,18,na,na
2018,3,Baltimore County,216,Deer Park Elementary,4,63,48,na,na
2018,3,Baltimore County,217,New Town Elementary,4,69,64,na,na
2018,3,Baltimore County,252,Northwest Academy of Health Sciences,2,44,na,21,na
2018,3,Baltimore County,253,Woodlawn Middle,3,47,na,25,na
2018,3,Baltimore County,254,Deer Park Middle Magnet School,3,48,na,27,na
2018,3,Baltimore County,256,Windsor Mill Middle,3,52,na,36,na
2018,3,Baltimore County,271,Milford Mill Academy,3,52,na,na,34
2018,3,Baltimore County,272,Randallstown High,3,47,na,na,27
2018,3,Baltimore County,303,Bedford Elementary,4,70,69,na,na
2018,3,Baltimore County,304,Wellwood International Elementary,4,66,56,na,na
2018,3,Baltimore County,307,Milbrook Elementary,3,58,33,na,na
2018,3,Baltimore County,308,Fort Garrison Elementary,5,81,93,na,na
2018,3,Baltimore County,310,Summit Park Elementary,5,76,85,na,na
2018,3,Baltimore County,311,Woodholme Elementary,4,62,44,na,na
2018,3,Baltimore County,352,Pikesville Middle,3,54,na,41,na
2018,3,Baltimore County,353,Sudbrook Magnet Middle,4,62,na,63,na
2018,3,Baltimore County,371,Pikesville High,4,67,na,na,66
2018,3,Baltimore County,402,Owings Mills Elementary,4,62,44,na,na
2018,3,Baltimore County,403,Franklin Elementary,5,85,98,na,na
2018,3,Baltimore County,404,Chatsworth School,4,68,63,na,na
2018,3,Baltimore County,405,Timber Grove Elementary,3,57,30,na,na
2018,3,Baltimore County,406,Reisterstown Elementary,3,54,25,na,na
2018,3,Baltimore County,407,Glyndon Elementary,3,54,24,na,na
2018,3,Baltimore County,408,Cedarmere Elementary,4,62,44,na,na
2018,3,Baltimore County,410,Lyons Mill Elementary,4,71,73,na,na
2018,3,Baltimore County,451,Franklin Middle,2,38,na,10,na
2018,3,Baltimore County,452,Owings Mills High,2,44,na,na,21
2018,3,Baltimore County,472,Franklin High,4,61,na,na,49
2018,3,Baltimore County,473,New Town High,3,56,na,na,40
2018,3,Baltimore County,501,Fifth District Elementary,5,82,95,na,na
2018,3,Baltimore County,601,Prettyboy Elementary,5,77,88,na,na
2018,3,Baltimore County,701,Seventh District Elementary,5,85,97,na,na
2018,3,Baltimore County,772,Hereford High,5,77,na,na,86
2018,3,Baltimore County,801,Sparks Elementary,5,90,99,na,na
2018,3,Baltimore County,803,Lutherville Laboratory,5,83,96,na,na
2018,3,Baltimore County,805,Timonium Elementary,5,82,94,na,na
2018,3,Baltimore County,808,Pot Spring Elementary,4,67,59,na,na
2018,3,Baltimore County,809,Riderwood Elementary,5,83,96,na,na
2018,3,Baltimore County,810,Padonia International Elementary,4,69,66,na,na
2018,3,Baltimore County,811,Pinewood Elementary,5,88,99,na,na
2018,3,Baltimore County,813,Warren Elementary,4,66,58,na,na
2018,3,Baltimore County,814,Mays Chapel Elementary,5,77,87,na,na
2018,3,Baltimore County,852,Ridgely Middle,4,71,na,84,na
2018,3,Baltimore County,853,Cockeysville Middle,4,60,na,59,na
2018,3,Baltimore County,855,Hereford Middle,4,72,na,87,na
2018,3,Baltimore County,872,Dulaney High,4,71,na,na,74
2018,3,Baltimore County,905,Stoneleigh Elementary,5,79,91,na,na
2018,3,Baltimore County,907,Rodgers Forge Elementary,5,86,98,na,na
2018,3,Baltimore County,908,Villa Cresta Elementary,4,66,57,na,na
2018,3,Baltimore County,909,Pleasant Plains Elementary,3,56,28,na,na
2018,3,Baltimore County,910,Oakleigh Elementary,3,58,33,na,na
2018,3,Baltimore County,911,Hampton Elementary,5,78,89,na,na
2018,3,Baltimore County,912,Halstead Academy,3,50,19,na,na
2018,3,Baltimore County,915,Harford Hills Elementary,4,66,58,na,na
2018,3,Baltimore County,916,Cromwell Valley Elementary Technology,4,68,62,na,na
2018,3,Baltimore County,921,Pine Grove Elementary,5,75,83,na,na
2018,3,Baltimore County,923,White Oak School,3,47,15,na,na
2018,3,Baltimore County,925,West Towson Elementary,5,83,96,na,na
2018,3,Baltimore County,953,Dumbarton Middle,4,70,na,82,na
2018,3,Baltimore County,954,Loch Raven Technical Academy,3,46,na,23,na
2018,3,Baltimore County,957,Pine Grove Middle,3,55,na,43,na
2018,3,Baltimore County,971,Towson High Law & Public Policy,4,74,na,na,79
2018,3,Baltimore County,972,Parkville High & Center for Math/Science,3,49,na,na,30
2018,3,Baltimore County,973,Loch Raven High,4,62,na,na,54
2018,3,Baltimore County,975,George W. Carver Center for Arts & Technology,5,82,na,na,92
2018,3,Baltimore County,1001,Carroll Manor Elementary,5,83,96,na,na
2018,3,Baltimore County,1002,Jacksonville Elementary,5,90,99,na,na
2018,3,Baltimore County,1104,Kingsville Elementary,5,83,96,na,na
2018,3,Baltimore County,1105,Perry Hall Elementary,4,74,81,na,na
2018,3,Baltimore County,1106,Carney Elementary,4,64,50,na,na
2018,3,Baltimore County,1107,Chapel Hill Elementary,5,83,96,na,na
2018,3,Baltimore County,1109,Joppa View Elementary,4,74,82,na,na
2018,3,Baltimore County,1110,Seven Oaks Elementary,4,64,50,na,na
2018,3,Baltimore County,1111,Gunpowder Elementary,4,72,77,na,na
2018,3,Baltimore County,1151,Perry Hall Middle,4,63,na,65,na
2018,3,Baltimore County,1171,Perry Hall High,4,62,na,na,54
2018,3,Baltimore County,1202,Dundalk Elementary,3,49,17,na,na
2018,3,Baltimore County,1205,Berkshire Elementary,3,58,32,na,na
2018,3,Baltimore County,1206,Bear Creek Elementary,4,60,38,na,na
2018,3,Baltimore County,1207,Norwood Elementary,3,52,22,na,na
2018,3,Baltimore County,1210,Grange Elementary,4,69,67,na,na
2018,3,Baltimore County,1212,Charlesmont Elementary,3,58,32,na,na
2018,3,Baltimore County,1216,Sandy Plains Elementary,3,49,16,na,na
2018,3,Baltimore County,1217,Logan Elementary,4,62,43,na,na
2018,3,Baltimore County,1251,Dundalk Middle,2,39,na,12,na
2018,3,Baltimore County,1253,Holabird Middle,2,38,10,6,na
2018,3,Baltimore County,1255,General John Stricker Middle,2,41,na,15,na
2018,3,Baltimore County,1272,Patapsco High & Center for Arts,3,48,na,na,29
2018,3,Baltimore County,1273,Dundalk High,3,45,na,na,23
2018,3,Baltimore County,1302,Arbutus Elementary,4,68,62,na,na
2018,3,Baltimore County,1307,Baltimore Highlands Elementary,4,61,40,na,na
2018,3,Baltimore County,1308,Riverview Elementary,3,50,18,na,na
2018,3,Baltimore County,1310,Relay Elementary,4,64,50,na,na
2018,3,Baltimore County,1311,Lansdowne Elementary,4,62,43,na,na
2018,3,Baltimore County,1313,Halethorpe Elementary,4,74,82,na,na
2018,3,Baltimore County,1351,Lansdowne Middle,2,44,na,20,na
2018,3,Baltimore County,1356,Arbutus Middle,3,50,na,29,na
2018,3,Baltimore County,1371,Lansdowne High & Academy of Finance,2,41,na,na,18
2018,3,Baltimore County,1403,McCormick Elementary,3,59,34,na,na
2018,3,Baltimore County,1404,Fullerton Elementary,4,60,38,na,na
2018,3,Baltimore County,1405,Elmwood Elementary,3,52,22,na,na
2018,3,Baltimore County,1406,Red House Run Elementary,4,61,39,na,na
2018,3,Baltimore County,1409,Shady Spring Elementary,4,61,39,na,na
2018,3,Baltimore County,1451,Golden Ring Middle,2,44,na,19,na
2018,3,Baltimore County,1452,Parkville Middle & Center of Technology,3,54,na,41,na
2018,3,Baltimore County,1473,Overlea High & Academy of Finance,3,45,na,na,23
2018,3,Baltimore County,1502,Edgemere Elementary,4,62,45,na,na
2018,3,Baltimore County,1503,Colgate Elementary,4,61,40,na,na
2018,3,Baltimore County,1505,Victory Villa Elementary,4,64,51,na,na
2018,3,Baltimore County,1506,Martin Boulevard Elementary,3,58,32,na,na
2018,3,Baltimore County,1507,Chase Elementary,4,60,36,na,na
2018,3,Baltimore County,1508,Essex Elementary,4,64,50,na,na
2018,3,Baltimore County,1511,Chesapeake Terrace Elementary,4,70,69,na,na
2018,3,Baltimore County,1512,Mars Estates Elementary,3,59,34,na,na
2018,3,Baltimore County,1513,Sussex Elementary,3,51,20,na,na
2018,3,Baltimore County,1514,Middlesex Elementary,3,51,19,na,na
2018,3,Baltimore County,1515,Hawthorne Elementary,2,42,10,na,na
2018,3,Baltimore County,1517,Battle Grove Elementary,3,51,20,na,na
2018,3,Baltimore County,1518,Glenmar Elementary,4,60,37,na,na
2018,3,Baltimore County,1519,Orems Elementary,4,61,40,na,na
2018,3,Baltimore County,1520,Middleborough Elementary,4,61,41,na,na
2018,3,Baltimore County,1525,Deep Creek Elementary,3,51,20,na,na
2018,3,Baltimore County,1527,Sandalwood Elementary,4,61,42,na,na
2018,3,Baltimore County,1531,Seneca Elementary,4,63,46,na,na
2018,3,Baltimore County,1533,Vincent Farm Elementary,4,64,51,na,na
2018,3,Baltimore County,1534,Oliver Beach Elementary,4,66,56,na,na
2018,3,Baltimore County,1554,Stemmers Run Middle,2,37,na,9,na
2018,3,Baltimore County,1556,Middle River Middle,2,41,na,15,na
2018,3,Baltimore County,1557,Deep Creek Middle,2,43,na,18,na
2018,3,Baltimore County,1559,Sparrows Point Middle,3,52,na,33,na
2018,3,Baltimore County,1572,Kenwood High IB and Sports Science,2,44,na,na,21
2018,3,Baltimore County,1573,Sparrows Point High,4,68,na,na,66
2018,3,Baltimore County,1574,Chesapeake High,3,49,na,na,30
2018,3,Baltimore County,1575,Eastern Technical High School,5,95,na,na,99
2018,4,Calvert,101,Patuxent Appeal Elementary Campus,3,57,31,na,na
2018,4,Calvert,110,Mutual Elementary,4,68,61,na,na
2018,4,Calvert,111,Southern Middle,4,63,na,65,na
2018,4,Calvert,113,Patuxent High,4,69,na,na,70
2018,4,Calvert,114,St Leonard Elementary,3,57,31,na,na
2018,4,Calvert,115,Dowell Elementary,4,64,49,na,na
2018,4,Calvert,116,Mill Creek Middle,4,73,na,88,na
2018,4,Calvert,201,Calvert Middle,4,63,na,66,na
2018,4,Calvert,207,Calvert Elementary,4,69,65,na,na
2018,4,Calvert,208,Barstow Elementary,4,68,63,na,na
2018,4,Calvert,209,Huntingtown Elementary,5,85,98,na,na
2018,4,Calvert,213,Calvert High,5,76,na,na,82
2018,4,Calvert,215,Plum Point Elementary,5,76,85,na,na
2018,4,Calvert,216,Plum Point Middle,4,73,na,88,na
2018,4,Calvert,217,Huntingtown High School,5,78,na,na,87
2018,4,Calvert,302,Beach Elementary,4,69,65,na,na
2018,4,Calvert,312,Mount Harmony Elementary,5,86,98,na,na
2018,4,Calvert,314,Northern High,5,77,na,na,83
2018,4,Calvert,315,Northern Middle,5,75,na,91,na
2018,4,Calvert,316,Sunderland Elementary,5,78,89,na,na
2018,4,Calvert,317,Windy Hill Elementary,4,71,73,na,na
2018,4,Calvert,318,Windy Hill Middle,5,77,na,93,na
2018,5,Caroline,201,Greensboro Elementary School,4,70,70,na,na
2018,5,Caroline,301,Denton Elementary School,4,70,68,na,na
2018,5,Caroline,302,Lockerman Middle School,4,60,na,58,na
2018,5,Caroline,401,Preston Elementary School,4,69,67,na,na
2018,5,Caroline,501,Federalsburg Elementary School,4,64,51,na,na
2018,5,Caroline,701,Ridgely Elementary School,4,66,58,na,na
2018,5,Caroline,703,North Caroline High School,4,60,na,na,47
2018,5,Caroline,801,Colonel Richardson High School,4,63,na,na,55
2018,5,Caroline,802,Colonel Richardson Middle School,4,61,na,61,na
2018,6,Carroll,103,Taneytown Elementary,4,70,68,na,na
2018,6,Carroll,105,Northwest Middle,4,70,na,81,na
2018,6,Carroll,202,Francis Scott Key High,4,71,na,na,71
2018,6,Carroll,204,Runnymede Elementary,4,68,63,na,na
2018,6,Carroll,404,Sandymount Elementary,4,74,81,na,na
2018,6,Carroll,406,Mechanicsville Elementary,4,70,69,na,na
2018,6,Carroll,501,Eldersburg Elementary,4,73,79,na,na
2018,6,Carroll,503,Linton Springs Elementary,5,79,91,na,na
2018,6,Carroll,504,Sykesville Middle,5,77,na,93,na
2018,6,Carroll,505,Freedom District Elementary,5,82,95,na,na
2018,6,Carroll,506,Carrolltowne Elementary,5,76,84,na,na
2018,6,Carroll,507,Liberty High,5,85,na,na,96
2018,6,Carroll,508,Oklahoma Road Middle,5,78,na,94,na
2018,6,Carroll,509,Piney Ridge Elementary,5,77,87,na,na
2018,6,Carroll,510,Century High,5,83,na,na,94
2018,6,Carroll,601,Manchester Elementary,4,72,75,na,na
2018,6,Carroll,602,Manchester Valley High,4,73,na,na,77
2018,6,Carroll,603,Ebb Valley Elementary,5,75,84,na,na
2018,6,Carroll,701,Westminster East Middle,4,63,na,64,na
2018,6,Carroll,703,Westminster West Middle,4,68,na,79,na
2018,6,Carroll,704,Winters Mill High,4,73,na,na,76
2018,6,Carroll,705,William Winchester Elementary,4,71,72,na,na
2018,6,Carroll,707,Westminster High,5,77,na,na,84
2018,6,Carroll,710,Westminster Elementary,5,77,86,na,na
2018,6,Carroll,711,Robert Moton Elementary,4,69,64,na,na
2018,6,Carroll,714,Friendship Valley Elementary,4,67,60,na,na
2018,6,Carroll,715,Cranberry Station Elementary,5,76,85,na,na
2018,6,Carroll,716,Gateway School,1,22,na,na,0
2018,6,Carroll,801,North Carroll Middle,4,68,na,80,na
2018,6,Carroll,804,Hampstead Elementary,5,81,94,na,na
2018,6,Carroll,806,Spring Garden Elementary,5,78,90,na,na
2018,6,Carroll,807,Shiloh Middle,4,72,na,87,na
2018,6,Carroll,903,Flexible Student Support,3,54,na,na,37
2018,6,Carroll,906,Winfield Elementary,4,73,78,na,na
2018,6,Carroll,1201,Elmer A. Wolfe Elementary,5,75,84,na,na
2018,6,Carroll,1305,Mount Airy Elementary,4,71,72,na,na
2018,6,Carroll,1306,Mount Airy Middle,5,76,na,92,na
2018,6,Carroll,1401,South Carroll High,5,80,na,na,90
2018,7,Cecil,104,Cecilton Elementary,4,73,78,na,na
2018,7,Cecil,204,Bohemia Manor High,4,60,na,na,48
2018,7,Cecil,205,Chesapeake City Elementary,4,73,79,na,na
2018,7,Cecil,206,Bohemia Manor Middle,3,58,na,52,na
2018,7,Cecil,302,Elkton High,3,48,na,na,27
2018,7,Cecil,303,Elkton Middle,3,57,na,51,na
2018,7,Cecil,310,Gilpin Manor Elementary,3,57,30,na,na
2018,7,Cecil,311,Holly Hall Elementary,3,57,29,na,na
2018,7,Cecil,313,Cherry Hill Middle,4,67,na,75,na
2018,7,Cecil,315,Leeds Elementary,4,63,47,na,na
2018,7,Cecil,316,Thomson Estates Elementary,3,54,25,na,na
2018,7,Cecil,317,Kenmore Elementary,5,77,88,na,na
2018,7,Cecil,401,Cecil Manor Elementary,4,61,41,na,na
2018,7,Cecil,504,North East Middle,3,55,na,43,na
2018,7,Cecil,506,North East Elementary,4,62,45,na,na
2018,7,Cecil,510,Bay View Elementary,3,55,27,na,na
2018,7,Cecil,513,Charlestown Elementary,5,78,88,na,na
2018,7,Cecil,514,North East High,3,55,na,na,39
2018,7,Cecil,515,Elk Neck Elementary,4,73,78,na,na
2018,7,Cecil,606,Rising Sun Middle School,4,60,na,58,na
2018,7,Cecil,607,Rising Sun Elementary,4,73,79,na,na
2018,7,Cecil,701,Perryville Middle,3,58,na,55,na
2018,7,Cecil,703,Perryville Elementary,4,65,52,na,na
2018,7,Cecil,704,Bainbridge Elementary,4,61,41,na,na
2018,7,Cecil,705,Perryville High,3,58,na,na,43
2018,7,Cecil,801,Conowingo Elementary,4,72,74,na,na
2018,7,Cecil,904,Calvert Elementary,5,79,91,na,na
2018,7,Cecil,905,Rising Sun High,4,64,na,na,58
2018,8,Charles,104,Milton M. Somers Middle School,3,53,na,37,na
2018,8,Charles,105,Walter J. Mitchell Elementary,4,74,80,na,na
2018,8,Charles,106,La Plata High School,4,73,na,na,75
2018,8,Charles,108,Maurice J. McDonough High School,4,62,na,na,53
2018,8,Charles,109,Mary Matula Elementary School,4,63,46,na,na
2018,8,Charles,302,Mt Hope/Nanjemoy Elementary School,4,71,71,na,na
2018,8,Charles,501,Dr. Thomas L. Higdon Elementary,4,69,64,na,na
2018,8,Charles,503,Piccowaxen Middle School,4,64,na,69,na
2018,8,Charles,604,Dr. Samuel A. Mudd Elementary School,4,66,55,na,na
2018,8,Charles,605,Thomas Stone High School,3,54,na,na,38
2018,8,Charles,606,J. P. Ryon Elementary School,3,59,35,na,na
2018,8,Charles,608,John Hanson Middle School,3,47,na,25,na
2018,8,Charles,609,Dr. James Craik Elementary School,5,80,93,na,na
2018,8,Charles,611,Dr. Gustavus Brown Elementary,3,54,25,na,na
2018,8,Charles,612,Arthur Middleton Elementary School,4,62,42,na,na
2018,8,Charles,613,Benjamin Stoddert Middle School,3,50,na,30,na
2018,8,Charles,616,Eva Turner Elementary School,3,55,26,na,na
2018,8,Charles,617,Daniel of St. Thomas Jenifer Elementary School,4,60,37,na,na
2018,8,Charles,618,William B. Wade Elementary School,4,70,68,na,na
2018,8,Charles,619,Westlake High School,4,68,na,na,68
2018,8,Charles,620,C. Paul Barnhart Elementary School,4,74,80,na,na
2018,8,Charles,621,Mattawoman Middle School,4,60,na,59,na
2018,8,Charles,622,Berry Elementary School,4,67,59,na,na
2018,8,Charles,623,North Point High School,5,80,na,na,91
2018,8,Charles,624,William A. Diggs Elementary,4,73,79,na,na
2018,8,Charles,625,Theodore G. Davis Middle School,4,74,na,90,na
2018,8,Charles,626,Mary B. Neal Elementary School,4,62,43,na,na
2018,8,Charles,701,Matthew Henson Middle School,3,57,na,51,na
2018,8,Charles,703,J. C. Parks Elementary School,4,64,51,na,na
2018,8,Charles,705,General Smallwood Middle School,3,55,na,43,na
2018,8,Charles,708,Robert D. Stethem Educational Center,3,46,na,na,7
2018,8,Charles,710,Indian Head Elementary School,4,63,46,na,na
2018,8,Charles,801,T. C. Martin Elementary School,5,75,84,na,na
2018,8,Charles,802,St. Charles High School,4,64,na,na,59
2018,8,Charles,902,Malcolm Elementary School,4,71,73,na,na
2018,8,Charles,1001,Gale-Bailey Elementary School,4,62,45,na,na
2018,8,Charles,1002,Henry E. Lackey High School,4,60,na,na,47
2018,9,Dorchester,205,Warwick Elementary School,4,70,69,na,na
2018,9,Dorchester,207,North Dorchester High School,4,66,na,na,61
2018,9,Dorchester,208,North Dorchester Middle School,3,56,na,48,na
2018,9,Dorchester,302,Vienna Elementary School,4,65,53,na,na
2018,9,Dorchester,508,South Dorchester School,5,83,90,99,na
2018,9,Dorchester,707,Mace's Lane Middle School,2,43,na,17,na
2018,9,Dorchester,710,Sandy Hill Elementary,3,56,28,na,na
2018,9,Dorchester,711,Maple Elementary School,3,55,26,na,na
2018,9,Dorchester,713,Cambridge-South Dorchester High School,3,52,na,na,34
2018,9,Dorchester,716,Choptank Elementary School,3,54,25,na,na
2018,9,Dorchester,1503,Hurlock Elementary School,4,65,52,na,na
2018,10,Frederick,108,Carroll Manor Elementary,4,72,74,na,na
2018,10,Frederick,109,Tuscarora Elementary,4,67,59,na,na
2018,10,Frederick,201,Parkway Elementary,5,81,94,na,na
2018,10,Frederick,204,Lincoln Elementary,4,65,53,na,na
2018,10,Frederick,209,Frederick High,3,58,na,na,44
2018,10,Frederick,210,North Frederick Elementary,4,71,73,na,na
2018,10,Frederick,211,West Frederick Middle,4,61,na,62,na
2018,10,Frederick,213,Gov. Thomas Johnson High,4,62,na,na,53
2018,10,Frederick,219,Monocacy Middle,3,52,na,35,na
2018,10,Frederick,222,Monocacy Elementary,4,67,59,na,na
2018,10,Frederick,223,Ballenger Creek Elementary,4,68,63,na,na
2018,10,Frederick,225,Gov. Thomas Johnson Middle,3,56,na,48,na
2018,10,Frederick,226,Monocacy Valley Montessori School,5,82,70,99,na
2018,10,Frederick,227,Crestwood Middle,3,53,na,39,na
2018,10,Frederick,228,Carroll Creek Montessori Public Charter School,4,69,70,76,na
2018,10,Frederick,303,Middletown Elementary,4,72,77,na,na
2018,10,Frederick,311,Middletown Middle,5,76,na,92,na
2018,10,Frederick,313,Middletown High,5,83,na,na,94
2018,10,Frederick,503,Emmitsburg Elementary,4,65,53,na,na
2018,10,Frederick,603,Wolfsville Elementary,5,76,86,na,na
2018,10,Frederick,702,Urbana Elementary,5,81,93,na,na
2018,10,Frederick,713,Urbana High,5,86,na,na,98
2018,10,Frederick,714,Windsor Knolls Middle,4,68,na,77,na
2018,10,Frederick,715,Centerville Elementary,5,85,98,na,na
2018,10,Frederick,716,Urbana Middle,5,76,na,93,na
2018,10,Frederick,801,Liberty Elementary,4,67,60,na,na
2018,10,Frederick,903,New Market Elementary,5,78,89,na,na
2018,10,Frederick,912,Linganore High,5,79,na,na,89
2018,10,Frederick,913,Green Valley Elementary,5,76,86,na,na
2018,10,Frederick,914,New Market Middle,4,61,na,60,na
2018,10,Frederick,915,Kemptown Elementary,4,74,81,na,na
2018,10,Frederick,916,Spring Ridge Elementary,4,73,78,na,na
2018,10,Frederick,917,Deer Crossing Elementary,4,72,77,na,na
2018,10,Frederick,918,Oakdale Middle,4,73,na,87,na
2018,10,Frederick,919,Oakdale Elementary,5,84,97,na,na
2018,10,Frederick,920,Oakdale High,5,83,na,na,95
2018,10,Frederick,1001,Sabillasville Elementary,4,74,82,na,na
2018,10,Frederick,1105,New Midway/Woodsboro Elementary,4,64,49,na,na
2018,10,Frederick,1301,Frederick Classical Charter School,4,68,55,84,na
2018,10,Frederick,1406,Valley Elementary,4,66,56,na,na
2018,10,Frederick,1503,Thurmont Elementary,4,69,65,na,na
2018,10,Frederick,1509,Catoctin High,4,71,na,na,73
2018,10,Frederick,1510,Thurmont Middle,3,56,na,47,na
2018,10,Frederick,1604,Myersville Elementary,5,76,86,na,na
2018,10,Frederick,1801,Twin Ridge Elementary,4,73,80,na,na
2018,10,Frederick,2001,Lewistown Elementary,5,81,94,na,na
2018,10,Frederick,2103,Yellow Springs Elementary,4,72,74,na,na
2018,10,Frederick,2107,Whittier Elementary,5,77,87,na,na
2018,10,Frederick,2302,Hillcrest Elementary,4,68,62,na,na
2018,10,Frederick,2305,Ballenger Creek Middle,3,57,na,51,na
2018,10,Frederick,2306,Orchard Grove Elementary,4,65,54,na,na
2018,10,Frederick,2307,Tuscarora High,4,71,na,na,73
2018,10,Frederick,2403,Waverley Elementary,3,53,23,na,na
2018,10,Frederick,2503,Brunswick High,4,74,na,na,78
2018,10,Frederick,2504,Brunswick Elementary,4,67,59,na,na
2018,10,Frederick,2525,Brunswick Middle,3,55,na,46,na
2018,10,Frederick,2606,Walkersville Middle,3,54,na,40,na
2018,10,Frederick,2607,Walkersville Elementary,4,64,49,na,na
2018,10,Frederick,2610,Walkersville High,5,77,na,na,85
2018,10,Frederick,2611,Glade Elementary,4,73,80,na,na
2018,11,Garrett,202,Friendsville Elementary,3,58,33,na,na
2018,11,Garrett,301,Grantsville Elementary,4,62,45,na,na
2018,11,Garrett,501,Accident Elementary,4,73,77,na,na
2018,11,Garrett,511,Northern Middle School,4,66,na,73,na
2018,11,Garrett,512,Northern Garrett High School,5,78,na,na,88
2018,11,Garrett,707,Broad Ford Elementary,3,59,36,na,na
2018,11,Garrett,708,Southern Middle School,4,63,na,67,na
2018,11,Garrett,709,Southern Garrett High School,4,71,na,na,72
2018,11,Garrett,710,Yough Glades Elementary,4,65,54,na,na
2018,11,Garrett,812,Swan Meadow School,4,73,84,85,na
2018,11,Garrett,904,Route 40 Elementary,5,77,88,na,na
2018,11,Garrett,1408,Crellin Elementary,4,72,76,na,na
2018,12,Harford,113,William S. James Elementary,4,66,55,na,na
2018,12,Harford,115,Edgewood Elementary,4,61,39,na,na
2018,12,Harford,120,Deerfield Elementary,3,57,30,na,na
2018,12,Harford,121,Emmorton Elementary,5,76,86,na,na
2018,12,Harford,123,Abingdon Elementary,4,73,80,na,na
2018,12,Harford,125,Church Creek Elementary,3,58,33,na,na
2018,12,Harford,131,Magnolia Elementary,3,50,18,na,na
2018,12,Harford,137,Joppatowne Elementary,4,61,39,na,na
2018,12,Harford,140,William Paca/Old Post Road Elementary,3,57,29,na,na
2018,12,Harford,143,Riverside Elementary,3,55,27,na,na
2018,12,Harford,176,Edgewood High,3,51,na,na,33
2018,12,Harford,177,Edgewood Middle,3,48,na,27,na
2018,12,Harford,181,Joppatowne High,3,53,na,na,36
2018,12,Harford,184,Magnolia Middle,3,45,na,21,na
2018,12,Harford,187,Patterson Mill High School,5,80,na,na,91
2018,12,Harford,188,Patterson Mill Middle School,4,69,na,80,na
2018,12,Harford,211,G. Lisby Elementary at Hillsdale,3,46,14,na,na
2018,12,Harford,212,Bakerfield Elementary,4,66,58,na,na
2018,12,Harford,230,Halls Cross Roads Elementary,3,53,23,na,na
2018,12,Harford,265,Aberdeen Middle,2,44,na,19,na
2018,12,Harford,270,Aberdeen High,3,59,na,na,44
2018,12,Harford,292,Center for Educational Opportunity,1,20,na,na,1
2018,12,Harford,304,Harford Technical High,5,84,na,na,95
2018,12,Harford,314,Bel Air Elementary,4,73,78,na,na
2018,12,Harford,316,Churchville Elementary,5,76,85,na,na
2018,12,Harford,326,Forest Hill Elementary,4,68,62,na,na
2018,12,Harford,327,Fountain Green Elementary,4,73,79,na,na
2018,12,Harford,328,Forest Lakes Elementary,4,67,59,na,na
2018,12,Harford,329,Prospect Mill Elementary,4,72,77,na,na
2018,12,Harford,333,Hickory Elementary,4,70,68,na,na
2018,12,Harford,335,Homestead/Wakefield Elementary,5,76,85,na,na
2018,12,Harford,345,Ring Factory Elementary,4,69,64,na,na
2018,12,Harford,348,Youths Benefit Elementary,4,73,78,na,na
2018,12,Harford,349,Red Pump Elementary School,4,74,82,na,na
2018,12,Harford,372,Bel Air Middle,4,63,na,68,na
2018,12,Harford,373,Bel Air High,5,77,na,na,86
2018,12,Harford,374,Southampton Middle,4,63,na,65,na
2018,12,Harford,382,Fallston High,5,81,na,na,92
2018,12,Harford,385,C. Milton Wright High,5,77,na,na,85
2018,12,Harford,386,Fallston Middle School,4,66,na,74,na
2018,12,Harford,436,Jarrettsville Elementary,5,82,95,na,na
2018,12,Harford,441,Norrisville Elementary,4,62,45,na,na
2018,12,Harford,447,North Bend Elementary,4,69,67,na,na
2018,12,Harford,518,Darlington Elementary,4,69,65,na,na
2018,12,Harford,522,Dublin Elementary,4,70,69,na,na
2018,12,Harford,544,North Harford Elementary,4,70,69,na,na
2018,12,Harford,580,North Harford High,5,76,na,na,83
2018,12,Harford,583,North Harford Middle,4,66,na,73,na
2018,12,Harford,632,Havre de Grace Elementary,4,65,55,na,na
2018,12,Harford,638,Meadowvale Elementary,4,70,68,na,na
2018,12,Harford,639,Roye-Williams Elementary,3,57,30,na,na
2018,12,Harford,678,Havre de Grace High,4,64,na,na,59
2018,12,Harford,679,Havre de Grace Middle,3,57,na,50,na
2018,13,Howard,80,Homewood School,1,28,na,4,3
2018,13,Howard,101,Elkridge Elementary,4,66,56,na,na
2018,13,Howard,103,Deep Run Elementary,4,64,49,na,na
2018,13,Howard,104,Mayfield Woods Middle,4,65,na,72,na
2018,13,Howard,105,Rockburn Elementary,5,76,85,na,na
2018,13,Howard,106,Elkridge Landing Middle,4,72,na,85,na
2018,13,Howard,107,Ilchester Elementary,5,79,92,na,na
2018,13,Howard,108,Bonnie Branch Middle,4,68,na,79,na
2018,13,Howard,109,Ducketts Lane,4,66,59,na,na
2018,13,Howard,110,Thomas Viaduct,4,63,na,67,na
2018,13,Howard,202,Ellicott Mills Middle,5,77,na,94,na
2018,13,Howard,203,Howard High,5,75,na,na,81
2018,13,Howard,204,St. Johns Lane Elementary,4,72,74,na,na
2018,13,Howard,207,Mount Hebron High,5,75,na,na,81
2018,13,Howard,208,Northfield Elementary,4,71,71,na,na
2018,13,Howard,209,Patapsco Middle,4,70,na,83,na
2018,13,Howard,210,Centennial Lane Elementary,5,81,94,na,na
2018,13,Howard,211,Dunloggin Middle,4,72,na,87,na
2018,13,Howard,213,Worthington Elementary,5,77,87,na,na
2018,13,Howard,214,Centennial High,5,85,na,na,96
2018,13,Howard,215,Waverly Elementary,5,84,97,na,na
2018,13,Howard,216,Burleigh Manor Middle School,5,84,na,98,na
2018,13,Howard,217,Hollifield Station Elementary,4,70,70,na,na
2018,13,Howard,218,Bellows Spring Elementary,5,79,90,na,na
2018,13,Howard,219,Veterans Elementary,5,75,83,na,na
2018,13,Howard,302,West Friendship Elementary,5,83,97,na,na
2018,13,Howard,304,Mount View Middle,5,85,na,99,na
2018,13,Howard,305,Manor Woods Elementary,5,80,93,na,na
2018,13,Howard,306,Triadelphia Ridge Elementary,5,80,93,na,na
2018,13,Howard,307,Folly Quarter Middle,5,84,na,98,na
2018,13,Howard,308,Marriotts Ridge High,5,87,na,na,98
2018,13,Howard,404,Glenelg High,5,85,na,na,96
2018,13,Howard,405,Glenwood Middle,4,73,na,89,na
2018,13,Howard,406,Bushy Park Elementary,5,79,91,na,na
2018,13,Howard,407,Lisbon Elementary,5,78,90,na,na
2018,13,Howard,505,Clarksville Elementary,5,88,99,na,na
2018,13,Howard,509,Atholton High,5,77,na,na,85
2018,13,Howard,510,Bryant Woods Elementary,4,67,60,na,na
2018,13,Howard,512,Wilde Lake Middle,3,55,na,46,na
2018,13,Howard,514,Longfellow Elementary,4,62,44,na,na
2018,13,Howard,515,Running Brook Elementary,4,65,53,na,na
2018,13,Howard,516,Wilde Lake High,4,61,na,na,51
2018,13,Howard,517,Swansfield Elementary,3,58,32,na,na
2018,13,Howard,518,Harpers Choice Middle,3,57,na,50,na
2018,13,Howard,520,Clemens Crossing Elementary,4,74,82,na,na
2018,13,Howard,521,Clarksville Middle,5,83,na,97,na
2018,13,Howard,523,Pointers Run Elementary,5,83,97,na,na
2018,13,Howard,524,River Hill High,5,88,na,na,99
2018,13,Howard,525,Fulton Elementary,5,85,98,na,na
2018,13,Howard,526,Lime Kiln Middle,5,82,na,97,na
2018,13,Howard,527,Reservoir High,4,69,na,na,69
2018,13,Howard,528,Dayton Oaks,5,81,94,na,na
2018,13,Howard,602,Guilford Elementary,4,66,57,na,na
2018,13,Howard,603,Atholton Elementary,4,71,73,na,na
2018,13,Howard,604,Waterloo Elementary,4,73,79,na,na
2018,13,Howard,605,Thunder Hill Elementary,5,77,87,na,na
2018,13,Howard,606,Hammond Elementary,4,70,69,na,na
2018,13,Howard,607,Hammond Middle School,5,75,na,91,na
2018,13,Howard,608,Stevens Forest Elementary,4,69,64,na,na
2018,13,Howard,609,Talbott Springs Elementary,4,71,72,na,na
2018,13,Howard,610,Oakland Mills Middle,3,58,na,54,na
2018,13,Howard,611,Oakland Mills High,3,57,na,na,41
2018,13,Howard,612,Phelps Luck Elementary,4,67,60,na,na
2018,13,Howard,613,Jeffers Hill Elementary,4,69,64,na,na
2018,13,Howard,616,Cradlerock Elementary,3,55,26,na,na
2018,13,Howard,617,Lake Elkhorn Middle,4,60,na,60,na
2018,13,Howard,618,Laurel Woods Elementary,4,66,55,na,na
2018,13,Howard,619,Hammond High,4,66,na,na,62
2018,13,Howard,620,Bollman Bridge Elementary,4,67,61,na,na
2018,13,Howard,621,Patuxent Valley Middle,4,67,na,75,na
2018,13,Howard,622,Forest Ridge Elementary,4,74,81,na,na
2018,13,Howard,623,Long Reach High,4,63,na,na,57
2018,13,Howard,624,Murray Hill Middle,4,64,na,68,na
2018,13,Howard,625,Gorman Crossing Elementary,4,72,76,na,na
2018,14,Kent,105,Galena Elementary School,4,61,41,na,na
2018,14,Kent,301,Kent County High,4,63,na,na,56
2018,14,Kent,402,Kent County Middle School,3,48,na,27,na
2018,14,Kent,403,H. H. Garnett Elementary,4,68,63,na,na
2018,14,Kent,504,Rock Hall Elementary,4,60,36,na,na
2018,15,Montgomery,51,Laytonsville Elementary,4,74,80,na,na
2018,15,Montgomery,100,Clopper Mill Elementary,4,60,36,na,na
2018,15,Montgomery,101,Clarksburg Elementary,4,73,77,na,na
2018,15,Montgomery,102,Germantown Elementary,5,75,84,na,na
2018,15,Montgomery,104,Seneca Valley High,3,59,na,na,44
2018,15,Montgomery,105,Ridgeview Middle,4,60,na,58,na
2018,15,Montgomery,106,Fox Chapel Elementary,4,72,77,na,na
2018,15,Montgomery,107,Martin Luther King Jr. Middle,3,54,na,42,na
2018,15,Montgomery,108,Lake Seneca Elementary,4,62,43,na,na
2018,15,Montgomery,109,Waters Landing Elementary,4,68,62,na,na
2018,15,Montgomery,110,S. Christa McAuliffe Elementary,4,64,50,na,na
2018,15,Montgomery,111,Captain James E. Daly Elementary,4,63,46,na,na
2018,15,Montgomery,115,Neelsville Middle,3,47,na,26,na
2018,15,Montgomery,125,Quince Orchard High,4,66,na,na,61
2018,15,Montgomery,152,Poolesville High,5,80,na,na,90
2018,15,Montgomery,153,Poolesville Elementary,5,79,92,na,na
2018,15,Montgomery,155,Rosa M. Parks Middle,4,66,na,74,na
2018,15,Montgomery,156,Lois P. Rockwell Elementary,5,78,88,na,na
2018,15,Montgomery,157,Roberto W. Clemente Middle,3,58,na,53,na
2018,15,Montgomery,158,Ronald A. McNair Elementary,5,76,85,na,na
2018,15,Montgomery,159,Rachel Carson Elementary,4,71,71,na,na
2018,15,Montgomery,201,Richard Montgomery High,4,63,na,na,56
2018,15,Montgomery,204,Garrett Park Elementary,4,67,60,na,na
2018,15,Montgomery,206,Twinbrook Elementary,4,64,50,na,na
2018,15,Montgomery,207,Beall Elementary,4,72,76,na,na
2018,15,Montgomery,209,Lakewood Elementary,5,79,90,na,na
2018,15,Montgomery,210,Maryvale Elementary,4,71,70,na,na
2018,15,Montgomery,211,Julius West Middle,4,69,na,80,na
2018,15,Montgomery,212,Meadow Hall Elementary,4,66,57,na,na
2018,15,Montgomery,215,Carl Sandburg Center,2,37,5,na,na
2018,15,Montgomery,216,Travilah Elementary,5,87,98,na,na
2018,15,Montgomery,219,Farmland Elementary,5,82,95,na,na
2018,15,Montgomery,220,Luxmanor Elementary,5,79,92,na,na
2018,15,Montgomery,226,Beverly Farms Elementary,5,76,84,na,na
2018,15,Montgomery,227,Ritchie Park Elementary,4,68,63,na,na
2018,15,Montgomery,228,Herbert Hoover Middle,5,83,na,97,na
2018,15,Montgomery,229,College Gardens Elementary,4,71,71,na,na
2018,15,Montgomery,230,Rockville High,4,66,na,na,63
2018,15,Montgomery,232,Tilden Middle School,4,74,na,89,na
2018,15,Montgomery,233,Fallsmead Elementary,5,79,91,na,na
2018,15,Montgomery,234,Thomas S. Wootton High,5,82,na,na,93
2018,15,Montgomery,235,Wayside Elementary,5,88,99,na,na
2018,15,Montgomery,237,Robert Frost Middle School,4,74,na,89,na
2018,15,Montgomery,238,Cold Spring Elementary,5,88,99,na,na
2018,15,Montgomery,239,Alternative Programs,1,21,na,na,3
2018,15,Montgomery,241,DuFief Elementary,4,69,66,na,na
2018,15,Montgomery,242,Dr. Sally K. Ride Elementary,4,64,49,na,na
2018,15,Montgomery,244,Thurgood Marshall Elementary,4,71,72,na,na
2018,15,Montgomery,246,Northwest High,4,67,na,na,65
2018,15,Montgomery,247,John H. Poole Middle,4,65,na,71,na
2018,15,Montgomery,248,Forest Oak Middle,3,47,na,25,na
2018,15,Montgomery,249,Clarksburg High,4,64,na,na,58
2018,15,Montgomery,302,Burtonsville Elementary,4,71,73,na,na
2018,15,Montgomery,303,Fairland Elementary,3,59,34,na,na
2018,15,Montgomery,304,JoAnn Leleck at Broad Acres Elementary,4,72,74,na,na
2018,15,Montgomery,305,Jackson Road Elementary,4,69,67,na,na
2018,15,Montgomery,308,Cloverly Elementary,5,77,87,na,na
2018,15,Montgomery,309,Burnt Mills Elementary,4,72,74,na,na
2018,15,Montgomery,310,Cannon Road Elementary,4,69,66,na,na
2018,15,Montgomery,311,Francis Scott Key Middle,3,55,na,46,na
2018,15,Montgomery,312,William Tyler Page Elementary,4,69,65,na,na
2018,15,Montgomery,313,Galway Elementary,4,72,75,na,na
2018,15,Montgomery,315,Paint Branch High,4,67,na,na,66
2018,15,Montgomery,316,Stonegate Elementary,4,72,75,na,na
2018,15,Montgomery,321,James Hubert Blake High,4,60,na,na,46
2018,15,Montgomery,333,Benjamin Banneker Middle,3,56,na,48,na
2018,15,Montgomery,334,Greencastle Elementary,4,66,57,na,na
2018,15,Montgomery,335,Briggs Chaney Middle,3,58,na,53,na
2018,15,Montgomery,336,Little Bennett Elementary,5,79,91,na,na
2018,15,Montgomery,337,"William B. Gibbs, Jr. Elementary",4,74,81,na,na
2018,15,Montgomery,340,Great Seneca Creek Elementary,4,65,53,na,na
2018,15,Montgomery,341,Wilson Wims Elementary School,4,70,67,na,na
2018,15,Montgomery,345,Hallie Wells Middle School,4,69,na,81,na
2018,15,Montgomery,351,Darnestown Elementary,4,72,76,na,na
2018,15,Montgomery,360,Jones Lane Elementary,4,66,55,na,na
2018,15,Montgomery,401,Bethesda Elementary,5,77,87,na,na
2018,15,Montgomery,403,Chevy Chase Elementary,5,78,89,na,na
2018,15,Montgomery,405,Somerset Elementary,5,75,84,na,na
2018,15,Montgomery,406,Bethesda-Chevy Chase High,4,73,na,na,77
2018,15,Montgomery,408,Westbrook Elementary,5,88,98,na,na
2018,15,Montgomery,410,Bradley Hills Elementary,5,78,89,na,na
2018,15,Montgomery,412,Westland Middle,5,75,na,90,na
2018,15,Montgomery,413,North Bethesda Middle,5,77,na,94,na
2018,15,Montgomery,415,North Chevy Chase Elementary,5,83,97,na,na
2018,15,Montgomery,417,Wood Acres Elementary,5,80,93,na,na
2018,15,Montgomery,419,Burning Tree Elementary,5,81,94,na,na
2018,15,Montgomery,420,Bannockburn Elementary,5,89,99,na,na
2018,15,Montgomery,422,Wyngate Elementary,5,82,95,na,na
2018,15,Montgomery,424,Walter Johnson High,5,76,na,na,82
2018,15,Montgomery,425,Ashburton Elementary,5,76,86,na,na
2018,15,Montgomery,427,Walt Whitman High,4,74,na,na,78
2018,15,Montgomery,428,Thomas W. Pyle Middle School,5,75,na,91,na
2018,15,Montgomery,501,Sherwood Elementary,4,65,53,na,na
2018,15,Montgomery,502,Olney Elementary,5,77,88,na,na
2018,15,Montgomery,503,Sherwood High,4,70,na,na,70
2018,15,Montgomery,504,Westover Elementary,5,77,88,na,na
2018,15,Montgomery,505,Lucy V. Barnsley Elementary,5,75,83,na,na
2018,15,Montgomery,506,Flower Valley Elementary,4,67,61,na,na
2018,15,Montgomery,507,William H. Farquhar Middle,4,68,na,76,na
2018,15,Montgomery,508,Candlewood Elementary,4,72,75,na,na
2018,15,Montgomery,510,Col. Zadok Magruder High,3,55,na,na,39
2018,15,Montgomery,511,Cashell Elementary,4,71,72,na,na
2018,15,Montgomery,512,Greenwood Elementary,4,71,71,na,na
2018,15,Montgomery,513,Belmont Elementary,5,82,95,na,na
2018,15,Montgomery,514,Judith A. Resnik Elementary,4,71,73,na,na
2018,15,Montgomery,517,Sligo Creek Elementary,4,72,76,na,na
2018,15,Montgomery,518,Brooke Grove Elementary,4,73,80,na,na
2018,15,Montgomery,521,Shady Grove Middle,3,55,na,47,na
2018,15,Montgomery,522,Lakelands Park Middle,4,67,na,76,na
2018,15,Montgomery,523,Spark M. Matsunaga Elementary School,5,81,94,na,na
2018,15,Montgomery,545,Watkins Mill High,3,48,na,na,28
2018,15,Montgomery,546,Goshen Elementary,4,72,75,na,na
2018,15,Montgomery,549,Flower Hill Elementary,3,59,35,na,na
2018,15,Montgomery,551,Gaithersburg High,3,48,na,na,28
2018,15,Montgomery,552,Washington Grove Elementary,4,70,70,na,na
2018,15,Montgomery,553,Gaithersburg Elementary,3,59,35,na,na
2018,15,Montgomery,554,Gaithersburg Middle,3,52,na,34,na
2018,15,Montgomery,555,Rosemont Elementary,4,66,58,na,na
2018,15,Montgomery,556,Mill Creek Towne Elementary,4,60,36,na,na
2018,15,Montgomery,557,Montgomery Village Middle School,2,44,na,20,na
2018,15,Montgomery,558,Whetstone Elementary,3,59,35,na,na
2018,15,Montgomery,559,Brown Station Elementary,3,59,35,na,na
2018,15,Montgomery,561,Watkins Mill Elementary,3,52,22,na,na
2018,15,Montgomery,562,Redland Middle,4,60,na,59,na
2018,15,Montgomery,563,Summit Hall Elementary,4,62,42,na,na
2018,15,Montgomery,564,South Lake Elementary,4,63,46,na,na
2018,15,Montgomery,565,Sequoyah Elementary,4,74,81,na,na
2018,15,Montgomery,566,Fields Road Elementary,4,72,75,na,na
2018,15,Montgomery,568,Stedwick Elementary,3,59,34,na,na
2018,15,Montgomery,569,Strawberry Knoll Elementary,4,65,52,na,na
2018,15,Montgomery,570,Diamond Elementary,5,85,97,na,na
2018,15,Montgomery,601,Potomac Elementary,5,78,88,na,na
2018,15,Montgomery,602,Winston Churchill High,5,79,na,na,88
2018,15,Montgomery,603,Seven Locks Elementary,5,89,99,na,na
2018,15,Montgomery,604,Carderock Springs Elementary,5,83,97,na,na
2018,15,Montgomery,606,Cabin John Middle School,4,74,na,90,na
2018,15,Montgomery,607,Bells Mill Elementary,5,82,95,na,na
2018,15,Montgomery,647,Silver Spring International Middle,3,58,na,55,na
2018,15,Montgomery,652,Monocacy Elementary,4,71,72,na,na
2018,15,Montgomery,653,Stone Mill Elementary,5,79,92,na,na
2018,15,Montgomery,701,Damascus High,4,66,na,na,62
2018,15,Montgomery,702,Damascus Elementary,4,64,51,na,na
2018,15,Montgomery,703,Cedar Grove Elementary,5,77,87,na,na
2018,15,Montgomery,704,Woodfield Elementary,5,79,92,na,na
2018,15,Montgomery,705,John T. Baker Middle School,3,59,na,56,na
2018,15,Montgomery,706,Clearspring Elementary,4,70,69,na,na
2018,15,Montgomery,707,Rocky Hill Middle,4,70,na,81,na
2018,15,Montgomery,708,Kingsview Middle,4,63,na,66,na
2018,15,Montgomery,747,Dr. Charles R. Drew Elementary,4,69,67,na,na
2018,15,Montgomery,749,Piney Branch Elementary,4,71,72,na,na
2018,15,Montgomery,755,Takoma Park Middle School,4,74,na,89,na
2018,15,Montgomery,756,East Silver Spring Elementary,4,70,70,na,na
2018,15,Montgomery,757,Montgomery Blair High,4,64,na,na,59
2018,15,Montgomery,761,Pine Crest Elementary,4,66,58,na,na
2018,15,Montgomery,764,Woodlin Elementary,4,72,75,na,na
2018,15,Montgomery,766,Oak View Elementary,4,66,58,na,na
2018,15,Montgomery,767,Glen Haven Elementary,3,59,36,na,na
2018,15,Montgomery,769,Oakland Terrace Elementary,5,81,94,na,na
2018,15,Montgomery,770,Flora M. Singer Elementary School,4,68,62,na,na
2018,15,Montgomery,771,Rolling Terrace Elementary,4,63,48,na,na
2018,15,Montgomery,772,Viers Mill Elementary,4,67,61,na,na
2018,15,Montgomery,773,Rock Creek Forest Elementary,4,72,77,na,na
2018,15,Montgomery,774,Highland Elementary,4,73,79,na,na
2018,15,Montgomery,775,Eastern Middle School,3,56,na,49,na
2018,15,Montgomery,777,Weller Road Elementary,5,75,83,na,na
2018,15,Montgomery,778,Sligo Middle,4,63,na,66,na
2018,15,Montgomery,779,Sargent Shriver Elementary,4,63,47,na,na
2018,15,Montgomery,782,Wheaton High,3,59,na,na,45
2018,15,Montgomery,783,Kensington Parkwood Elementary,5,82,95,na,na
2018,15,Montgomery,784,Highland View Elementary,4,68,63,na,na
2018,15,Montgomery,786,Georgian Forest Elementary,3,54,24,na,na
2018,15,Montgomery,787,A. Mario Loiederman Middle,3,54,na,41,na
2018,15,Montgomery,788,Wheaton Woods Elementary,4,72,74,na,na
2018,15,Montgomery,789,Albert Einstein High,3,53,na,na,36
2018,15,Montgomery,790,Arcola Elementary,3,58,31,na,na
2018,15,Montgomery,792,Newport Mill Middle,3,54,na,42,na
2018,15,Montgomery,795,Rock View Elementary,3,58,33,na,na
2018,15,Montgomery,796,Northwood High School,3,50,na,na,32
2018,15,Montgomery,797,Harmony Hills Elementary,3,56,27,na,na
2018,15,Montgomery,798,Springbrook High,4,60,na,na,48
2018,15,Montgomery,803,Forest Knolls Elementary,5,76,86,na,na
2018,15,Montgomery,805,Kemp Mill Elementary,4,69,67,na,na
2018,15,Montgomery,807,Brookhaven Elementary,4,72,74,na,na
2018,15,Montgomery,808,Cresthaven Elementary,4,61,40,na,na
2018,15,Montgomery,811,White Oak Middle,3,58,na,54,na
2018,15,Montgomery,812,Parkland Middle,3,58,na,54,na
2018,15,Montgomery,815,John F. Kennedy High,3,49,na,na,31
2018,15,Montgomery,817,Glenallan Elementary,4,64,49,na,na
2018,15,Montgomery,818,Col. E. Brooke Lee Middle,3,58,na,56,na
2018,15,Montgomery,819,Rock Creek Valley Elementary,4,71,73,na,na
2018,15,Montgomery,820,Earle B. Wood Middle,3,57,na,52,na
2018,15,Montgomery,822,Strathmore Elementary,4,68,63,na,na
2018,15,Montgomery,823,Argyle Middle,3,50,na,30,na
2018,15,Montgomery,835,Silver Creek Middle,4,70,na,82,na
2018,15,Montgomery,965,John L Gildner Regional Inst for Children & Adol,2,39,na,7,20
2018,16,Prince George's,102,High Point High,2,40,na,na,16
2018,16,Prince George's,104,Beltsville Academy,4,63,37,76,na
2018,16,Prince George's,105,Calverton Elementary,3,56,28,na,na
2018,16,Prince George's,109,James H. Harrison Elementary,4,67,61,na,na
2018,16,Prince George's,110,Martin Luther King Jr. Middle,3,59,na,57,na
2018,16,Prince George's,111,Vansville Elementary,4,62,42,na,na
2018,16,Prince George's,203,Judith P. Hoyer Montessori,4,68,52,86,na
2018,16,Prince George's,205,Bladensburg Elementary,4,62,45,na,na
2018,16,Prince George's,208,Bladensburg High,2,40,na,na,16
2018,16,Prince George's,210,Rogers Heights Elementary,4,65,53,na,na
2018,16,Prince George's,211,Gladys Noon Spellman Elementary,4,60,38,na,na
2018,16,Prince George's,213,Cooper Lane Elementary,4,61,41,na,na
2018,16,Prince George's,214,Templeton Elementary,4,61,39,na,na
2018,16,Prince George's,217,Port Towns Elementary,3,52,22,na,na
2018,16,Prince George's,303,Croom High,1,26,na,na,4
2018,16,Prince George's,304,Perrywood Elementary,4,66,56,na,na
2018,16,Prince George's,305,Patuxent Elementary,3,53,24,na,na
2018,16,Prince George's,504,Fort Washington Forest Elementary,4,61,41,na,na
2018,16,Prince George's,507,Rose Valley Elementary,3,47,15,na,na
2018,16,Prince George's,509,Accokeek Academy,4,67,54,78,na
2018,16,Prince George's,510,Potomac Landing Elementary,4,68,62,na,na
2018,16,Prince George's,511,Friendly High,3,47,na,na,26
2018,16,Prince George's,603,Suitland High,2,44,na,na,19
2018,16,Prince George's,606,Bradbury Heights Elementary,3,45,13,na,na
2018,16,Prince George's,607,Hillcrest Heights Elementary,2,40,7,na,na
2018,16,Prince George's,610,North Forestville Elementary,3,51,19,na,na
2018,16,Prince George's,613,District Heights Elementary,3,45,13,na,na
2018,16,Prince George's,615,Benjamin Stoddert Middle,3,52,na,35,na
2018,16,Prince George's,617,Francis Scott Key Elementary,3,48,16,na,na
2018,16,Prince George's,618,Longfields Elementary,4,65,54,na,na
2018,16,Prince George's,619,Princeton Elementary,3,46,14,na,na
2018,16,Prince George's,622,Thurgood Marshall Middle School,2,39,na,11,na
2018,16,Prince George's,632,Allenwood Elementary,3,50,18,na,na
2018,16,Prince George's,636,William Beanes Elementary,3,49,17,na,na
2018,16,Prince George's,638,Benjamin D. Foulois Academy,4,69,56,86,na
2018,16,Prince George's,639,Maya Angelou French Immersion,5,77,76,96,na
2018,16,Prince George's,640,Arrowhead Elementary,3,58,33,na,na
2018,16,Prince George's,645,Andrew Jackson Academy,2,40,6,14,na
2018,16,Prince George's,647,Concord Elementary,4,60,38,na,na
2018,16,Prince George's,648,Samuel P. Massie Academy,3,50,14,40,na
2018,16,Prince George's,656,Panorama Elementary,3,53,23,na,na
2018,16,Prince George's,660,Drew Freeman Middle,2,39,na,12,na
2018,16,Prince George's,661,Suitland Elementary,3,53,22,na,na
2018,16,Prince George's,662,Imagine Lincoln Public Charter,3,55,14,69,na
2018,16,Prince George's,705,Tall Oaks High,2,34,na,na,8
2018,16,Prince George's,706,Woodmore Elementary,4,67,61,na,na
2018,16,Prince George's,708,Kenilworth Elementary,4,63,46,na,na
2018,16,Prince George's,711,Tulip Grove Elementary,4,73,78,na,na
2018,16,Prince George's,712,Heather Hills Elementary,5,82,96,na,na
2018,16,Prince George's,714,Benjamin Tasker Middle School,4,62,na,64,na
2018,16,Prince George's,716,Northview Elementary,3,56,27,na,na
2018,16,Prince George's,718,Pointer Ridge Elementary,4,63,47,na,na
2018,16,Prince George's,729,Kingsford Elementary,4,61,40,na,na
2018,16,Prince George's,802,Baden Elementary,3,58,32,na,na
2018,16,Prince George's,905,Tayac Elementary,3,50,18,na,na
2018,16,Prince George's,906,Clinton Grove Elementary,2,41,8,na,na
2018,16,Prince George's,908,Surrattsville High,3,45,na,na,22
2018,16,Prince George's,909,James Ryder Randall Elementary,3,57,29,na,na
2018,16,Prince George's,912,Isaac J. Gourdine Middle,3,46,na,22,na
2018,16,Prince George's,914,Waldon Woods Elementary,3,53,23,na,na
2018,16,Prince George's,915,Stephen Decatur Middle,3,49,na,29,na
2018,16,Prince George's,916,Francis T. Evans Elementary,4,64,48,na,na
2018,16,Prince George's,917,Imagine Andrews Public Charter,3,52,8,68,na
2018,16,Prince George's,1001,Laurel Elementary,3,52,22,na,na
2018,16,Prince George's,1008,Laurel High,3,46,na,na,25
2018,16,Prince George's,1009,Oaklands Elementary,3,54,24,na,na
2018,16,Prince George's,1010,Dwight D. Eisenhower Middle,3,45,na,21,na
2018,16,Prince George's,1011,Bond Mill Elementary,4,62,43,na,na
2018,16,Prince George's,1014,Scotchtown Hills Elementary,4,63,46,na,na
2018,16,Prince George's,1015,Chesapeake Math and IT Public Charter,5,75,na,83,89
2018,16,Prince George's,1016,Chesapeake Math and IT Elementary Public Charter,4,69,66,na,na
2018,16,Prince George's,1101,Brandywine Elementary,3,58,33,na,na
2018,16,Prince George's,1102,Mattaponi Elementary,4,64,49,na,na
2018,16,Prince George's,1103,Gwynn Park High,3,52,na,na,33
2018,16,Prince George's,1104,Gwynn Park Middle,4,66,na,73,na
2018,16,Prince George's,1105,Rosaryville Elementary,3,52,21,na,na
2018,16,Prince George's,1201,Oxon Hill Elementary,2,42,10,na,na
2018,16,Prince George's,1204,Forest Heights Elementary,3,54,24,na,na
2018,16,Prince George's,1206,John Hanson Montessori,4,66,42,82,na
2018,16,Prince George's,1208,Flintstone Elementary,4,62,45,na,na
2018,16,Prince George's,1209,Oxon Hill High,4,61,na,na,49
2018,16,Prince George's,1213,Fort Foote Elementary,4,63,48,na,na
2018,16,Prince George's,1214,Glassmanor Elementary,4,64,48,na,na
2018,16,Prince George's,1216,Samuel Chase Elementary,3,48,16,na,na
2018,16,Prince George's,1217,Crossland High,2,39,na,na,14
2018,16,Prince George's,1218,Valley View Elementary,4,61,40,na,na
2018,16,Prince George's,1219,Barnaby Manor Elementary,3,47,15,na,na
2018,16,Prince George's,1220,Potomac High,2,38,na,na,14
2018,16,Prince George's,1221,Avalon Elementary,3,51,19,na,na
2018,16,Prince George's,1229,Apple Grove Elementary,4,62,44,na,na
2018,16,Prince George's,1231,J. Frank Dent Elementary,2,41,9,na,na
2018,16,Prince George's,1233,Indian Queen Elementary,4,66,56,na,na
2018,16,Prince George's,1234,Oxon Hill Middle,2,44,na,20,na
2018,16,Prince George's,1302,Columbia Park Elementary,3,54,25,na,na
2018,16,Prince George's,1307,Highland Park Elementary,3,56,28,na,na
2018,16,Prince George's,1309,William Paca Elementary,3,57,30,na,na
2018,16,Prince George's,1310,Dodge Park Elementary,4,64,50,na,na
2018,16,Prince George's,1314,Largo High,3,47,na,na,26
2018,16,Prince George's,1320,G. James Gholson Middle,3,48,na,27,na
2018,16,Prince George's,1322,Phyllis E. Williams Elementary,4,64,51,na,na
2018,16,Prince George's,1324,Kettering Elementary,3,54,26,na,na
2018,16,Prince George's,1326,Kettering Middle,3,51,na,33,na
2018,16,Prince George's,1327,Charles Herbert Flowers High,4,63,na,na,55
2018,16,Prince George's,1330,Kenmoor Middle,4,64,na,69,na
2018,16,Prince George's,1333,Judge Sylvania W. Woods Sr. Elementary,3,52,21,na,na
2018,16,Prince George's,1346,Lake Arbor Elementary,3,57,29,na,na
2018,16,Prince George's,1347,Cora L. Rice Elementary,2,42,10,na,na
2018,16,Prince George's,1348,Ernest Everett Just Middle,3,55,na,44,na
2018,16,Prince George's,1350,Academy of Health Sciences at PGCC,5,96,na,na,99
2018,16,Prince George's,1351,Chesapeake Math and IT South Public Charter,4,74,na,78,na
2018,16,Prince George's,1408,Glenn Dale Elementary,3,58,32,na,na
2018,16,Prince George's,1409,Duval High,3,46,na,na,24
2018,16,Prince George's,1411,Gaywood Elementary,4,61,39,na,na
2018,16,Prince George's,1412,High Bridge Elementary,4,62,43,na,na
2018,16,Prince George's,1414,Catherine T. Reed Elementary,3,58,32,na,na
2018,16,Prince George's,1416,Dora Kennedy French Immersion,5,80,92,96,na
2018,16,Prince George's,1417,Robert Goddard Montessori,5,77,79,95,na
2018,16,Prince George's,1423,Bowie High,4,61,na,na,51
2018,16,Prince George's,1424,Montpelier Elementary,3,58,34,na,na
2018,16,Prince George's,1427,Yorktown Elementary,4,74,81,na,na
2018,16,Prince George's,1428,Samuel Ogle Middle,4,67,na,74,na
2018,16,Prince George's,1432,Rockledge Elementary,4,67,61,na,na
2018,16,Prince George's,1435,Deerfield Run Elementary,3,58,31,na,na
2018,16,Prince George's,1438,Whitehall Elementary,5,75,83,na,na
2018,16,Prince George's,1442,Excel Academy Public Charter,4,66,52,75,na
2018,16,Prince George's,1502,Frederick Douglass High,3,58,na,na,42
2018,16,Prince George's,1504,Melwood Elementary,3,55,27,na,na
2018,16,Prince George's,1510,James Madison Middle,4,65,na,70,na
2018,16,Prince George's,1511,Marlton Elementary,4,61,42,na,na
2018,16,Prince George's,1518,Barack Obama Elementary,4,61,40,na,na
2018,16,Prince George's,1519,"Dr. Henry A. Wise, Jr. High",2,44,na,na,20
2018,16,Prince George's,1521,Imagine Foundations at Leeland PCS,4,61,28,72,na
2018,16,Prince George's,1522,Imagine Foundations at Morningside PCS,3,59,45,44,na
2018,16,Prince George's,1601,Hyattsville Elementary,3,59,35,na,na
2018,16,Prince George's,1602,Hyattsville Middle,3,58,na,53,na
2018,16,Prince George's,1604,Edward M. Felegy ES,3,55,27,na,na
2018,16,Prince George's,1703,Mt Rainier Elementary,3,59,36,na,na
2018,16,Prince George's,1706,Thomas S. Stone Elementary,3,55,26,na,na
2018,16,Prince George's,1708,Northwestern High,2,37,na,na,11
2018,16,Prince George's,1709,Chillum Elementary,4,61,40,na,na
2018,16,Prince George's,1710,Ridgecrest Elementary,3,59,35,na,na
2018,16,Prince George's,1711,Carole Highlands Elementary,4,62,44,na,na
2018,16,Prince George's,1712,Lewisdale Elementary,4,69,65,na,na
2018,16,Prince George's,1713,Cesar Chavez Elementary,5,76,85,na,na
2018,16,Prince George's,1714,Adelphi Elementary,4,63,48,na,na
2018,16,Prince George's,1718,Nicholas Orem Middle,3,48,na,26,na
2018,16,Prince George's,1719,Langley Park/McCormick Elementary,4,60,38,na,na
2018,16,Prince George's,1725,Cool Spring Elementary,3,56,28,na,na
2018,16,Prince George's,1730,"Mary Harris Mother"" Jones Elementary""",3,55,26,na,na
2018,16,Prince George's,1731,Rosa L. Parks Elementary,3,57,29,na,na
2018,16,Prince George's,1802,Seat Pleasant Elementary,3,54,25,na,na
2018,16,Prince George's,1806,Fairmont Heights High,3,46,na,na,25
2018,16,Prince George's,1808,Doswell E. Brooks Elementary,4,62,42,na,na
2018,16,Prince George's,1810,Central High,2,41,na,na,17
2018,16,Prince George's,1811,Carmody Hills Elementary,2,44,12,na,na
2018,16,Prince George's,1812,Capitol Heights Elementary,4,60,37,na,na
2018,16,Prince George's,1814,Thomas G. Pullen School,4,68,64,78,na
2018,16,Prince George's,1816,John H. Bayne Elementary,2,39,7,na,na
2018,16,Prince George's,1819,Walker Mill Middle,3,47,na,24,na
2018,16,Prince George's,1828,Robert R. Gray Elementary,3,57,29,na,na
2018,16,Prince George's,1830,William W. Hall Academy,3,51,15,42,na
2018,16,Prince George's,1901,Riverdale Elementary,3,57,28,na,na
2018,16,Prince George's,1902,University Park Elementary,4,65,54,na,na
2018,16,Prince George's,1907,Beacon Heights Elementary,3,58,31,na,na
2018,16,Prince George's,1908,William Wirt Middle,3,46,na,23,na
2018,16,Prince George's,1909,Parkdale High,3,48,na,na,29
2018,16,Prince George's,2003,Seabrook Elementary,4,70,69,na,na
2018,16,Prince George's,2005,Carrollton Elementary,4,62,43,na,na
2018,16,Prince George's,2006,Glenridge Elementary,3,55,26,na,na
2018,16,Prince George's,2007,Woodridge Elementary,4,69,66,na,na
2018,16,Prince George's,2008,Ardmore Elementary,4,63,47,na,na
2018,16,Prince George's,2009,Thomas Johnson Middle,3,51,na,32,na
2018,16,Prince George's,2010,Glenarden Woods Elementary,5,82,95,na,na
2018,16,Prince George's,2011,Charles Carroll Middle,3,51,na,32,na
2018,16,Prince George's,2013,James McHenry Elementary,3,54,25,na,na
2018,16,Prince George's,2014,Lamont Elementary,4,69,66,na,na
2018,16,Prince George's,2016,Robert Frost Elementary,3,58,33,na,na
2018,16,Prince George's,2022,Turning Point Academy Public Charter,4,66,47,83,na
2018,16,Prince George's,2106,Greenbelt Elementary,4,62,43,na,na
2018,16,Prince George's,2107,Hollywood Elementary,4,63,47,na,na
2018,16,Prince George's,2108,Buck Lodge Middle,3,53,na,38,na
2018,16,Prince George's,2109,Berwyn Heights Elementary,4,67,59,na,na
2018,16,Prince George's,2113,Springhill Lake Elementary,3,46,13,na,na
2018,16,Prince George's,2114,Eleanor Roosevelt High,4,66,na,na,63
2018,16,Prince George's,2121,Cherokee Lane Elementary,4,63,48,na,na
2018,16,Prince George's,2122,Magnolia Elementary,4,64,52,na,na
2018,16,Prince George's,2123,Paint Branch Elementary,4,66,57,na,na
2018,16,Prince George's,2141,Greenbelt Middle,3,56,na,48,na
2018,16,Prince George's,2142,College Park Academy,4,60,na,36,na
2018,16,Prince George's,2211,Northwestern Evening/Saturday High,1,24,na,na,3
2018,16,Prince George's,2213,Crossland Evening/Saturday High,1,28,na,na,5
2018,16,Prince George's,2220,Community Based Classrooms,2,30,na,na,6
2018,17,Queen Anne's,101,Sudlersville Middle School,4,73,83,84,na
2018,17,Queen Anne's,106,Sudlersville Elementary School,3,51,20,na,na
2018,17,Queen Anne's,202,Church Hill Elementary School,4,65,53,na,na
2018,17,Queen Anne's,301,Queen Anne's County High School,4,73,na,na,76
2018,17,Queen Anne's,302,Kennard Elementary School,5,78,89,na,na
2018,17,Queen Anne's,303,Centreville Middle School,5,75,na,91,na
2018,17,Queen Anne's,403,Bayside Elementary School,5,75,82,na,na
2018,17,Queen Anne's,404,Stevensville Middle School,4,61,na,61,na
2018,17,Queen Anne's,405,Kent Island High School,4,74,na,na,80
2018,17,Queen Anne's,406,Matapeake Elementary School,5,80,93,na,na
2018,17,Queen Anne's,407,Matapeake Middle School,4,71,na,85,na
2018,17,Queen Anne's,503,Grasonville Elementary School,4,67,60,na,na
2018,18,Saint Mary's,101,Spring Ridge Middle,4,62,na,63,na
2018,18,Saint Mary's,104,Ridge Elementary,4,62,44,na,na
2018,18,Saint Mary's,201,Piney Point Elementary,4,72,76,na,na
2018,18,Saint Mary's,301,Leonardtown Elementary,4,71,73,na,na
2018,18,Saint Mary's,302,Benjamin Banneker Elementary,4,74,81,na,na
2018,18,Saint Mary's,303,Chopticon High,4,66,na,na,62
2018,18,Saint Mary's,305,Leonardtown Middle,4,72,na,85,na
2018,18,Saint Mary's,306,Leonardtown High,5,75,na,na,81
2018,18,Saint Mary's,308,Captain Walter Francis Duke Elementary,4,72,76,na,na
2018,18,Saint Mary's,404,Margaret Brent Middle,3,53,na,38,na
2018,18,Saint Mary's,501,Lettie Marshall Dent Elem,5,77,87,na,na
2018,18,Saint Mary's,503,White Marsh Elementary,5,83,96,na,na
2018,18,Saint Mary's,504,Mechanicsville Elementary,4,68,61,na,na
2018,18,Saint Mary's,602,Oakville Elementary,5,79,92,na,na
2018,18,Saint Mary's,604,Hollywood Elementary,4,66,55,na,na
2018,18,Saint Mary's,606,Evergreen Elementary School,4,74,82,na,na
2018,18,Saint Mary's,702,Dynard Elementary,4,69,65,na,na
2018,18,Saint Mary's,801,Great Mills High,4,61,na,na,52
2018,18,Saint Mary's,803,Green Holly Elementary School,4,66,57,na,na
2018,18,Saint Mary's,804,Lexington Park Elementary,4,69,67,na,na
2018,18,Saint Mary's,805,George Washington Carver Elementary,3,57,30,na,na
2018,18,Saint Mary's,806,Town Creek Elementary,5,79,92,na,na
2018,18,Saint Mary's,807,Esperanza Middle,3,58,na,52,na
2018,18,Saint Mary's,808,Park Hall Elementary,3,54,25,na,na
2018,18,Saint Mary's,810,Greenview Knolls Elementary,4,66,57,na,na
2018,18,Saint Mary's,813,Chesapeake Charter School,4,68,51,88,na
2018,19,Somerset,102,Washington Academy and High School,3,49,na,16,40
2018,19,Somerset,107,Greenwood Elementary School,3,51,19,na,na
2018,19,Somerset,702,Crisfield Academy and High School,4,60,na,51,55
2018,19,Somerset,705,Carter G Woodson Elementary,4,61,39,na,na
2018,19,Somerset,1303,Somerset 6/7 Intermediate School,3,48,na,28,na
2018,19,Somerset,1401,Deal Island School,4,60,38,na,na
2018,20,Talbot,101,Easton High,4,62,na,na,52
2018,20,Talbot,104,Easton Elementary,4,71,70,na,na
2018,20,Talbot,106,Easton Middle,3,52,na,36,na
2018,20,Talbot,202,St. Michaels Middle/High School,4,62,na,47,67
2018,20,Talbot,204,St. Michaels Elementary,4,71,71,na,na
2018,20,Talbot,302,White Marsh Elementary,4,71,71,na,na
2018,20,Talbot,401,Chapel District Elementary,5,78,90,na,na
2018,20,Talbot,501,Tilghman Elementary,5,78,89,na,na
2018,21,Washington,40,Barbara Ingram School for the Arts,5,86,na,na,97
2018,21,Washington,101,Sharpsburg Elementary,4,71,71,na,na
2018,21,Washington,190,Jonathan Hager Elementary,4,64,52,na,na
2018,21,Washington,201,Springfield Middle,4,66,na,74,na
2018,21,Washington,202,Williamsport Elementary,5,75,83,na,na
2018,21,Washington,204,Williamsport High,4,65,na,na,60
2018,21,Washington,301,South Hagerstown High,3,53,na,na,37
2018,21,Washington,302,Emma K. Doub Elementary,4,69,66,na,na
2018,21,Washington,304,E. Russell Hicks Middle,4,61,na,61,na
2018,21,Washington,305,Washington County Technical High,5,80,na,na,92
2018,21,Washington,325,Rockland Woods Elementary,4,72,75,na,na
2018,21,Washington,401,Clear Spring Middle,5,84,na,98,na
2018,21,Washington,402,Clear Spring Elementary,5,75,84,na,na
2018,21,Washington,403,Clear Spring High,4,71,na,na,71
2018,21,Washington,501,Hancock Middle Senior High,4,62,na,50,64
2018,21,Washington,502,Hancock Elementary,4,71,71,na,na
2018,21,Washington,601,Boonsboro High,4,72,na,na,74
2018,21,Washington,602,Boonsboro Middle,5,86,na,99,na
2018,21,Washington,603,Boonsboro Elementary,5,79,90,na,na
2018,21,Washington,701,Smithsburg High,4,74,na,na,80
2018,21,Washington,702,Smithsburg Elementary,4,73,77,na,na
2018,21,Washington,704,Smithsburg Middle,5,78,na,95,na
2018,21,Washington,902,Paramount Elementary,5,79,92,na,na
2018,21,Washington,903,Old Forge Elementary,5,75,83,na,na
2018,21,Washington,1002,Eastern Elementary,4,66,56,na,na
2018,21,Washington,1101,Pleasant Valley Elementary,4,70,68,na,na
2018,21,Washington,1301,Maugansville Elementary,5,76,85,na,na
2018,21,Washington,1401,Cascade Elementary,5,75,83,na,na
2018,21,Washington,1602,Greenbrier Elementary,5,86,98,na,na
2018,21,Washington,1701,Bester Elementary,3,49,17,na,na
2018,21,Washington,1802,Pangborn Elementary,4,64,51,na,na
2018,21,Washington,1805,Potomac Heights Elementary,4,73,80,na,na
2018,21,Washington,2002,Fountain Rock Elementary,5,79,90,na,na
2018,21,Washington,2101,North Hagerstown High,4,66,na,na,64
2018,21,Washington,2102,Northern Middle,3,58,na,53,na
2018,21,Washington,2501,Western Heights Middle,3,53,na,38,na
2018,21,Washington,2503,Salem Avenue Elementary,4,73,78,na,na
2018,21,Washington,2601,Lincolnshire Elementary,3,59,34,na,na
2018,21,Washington,2602,Hickory Elementary,4,61,39,na,na
2018,21,Washington,2701,Fountaindale Elementary,4,72,74,na,na
2018,22,Wicomico,102,Mardela Middle & High,4,70,na,71,79
2018,22,Wicomico,106,Northwestern Elementary,4,73,80,na,na
2018,22,Wicomico,406,Pittsville Elementary & Middle,4,63,32,79,na
2018,22,Wicomico,510,Wicomico Middle,3,53,na,38,na
2018,22,Wicomico,512,East Salisbury Elementary,4,61,40,na,na
2018,22,Wicomico,513,Wicomico High,3,50,na,na,32
2018,22,Wicomico,515,Glen Avenue School,4,62,45,na,na
2018,22,Wicomico,520,Wicomico County Evening High,1,24,na,na,2
2018,22,Wicomico,905,North Salisbury Elementary,4,68,64,na,na
2018,22,Wicomico,906,Pemberton Elementary,4,71,70,na,na
2018,22,Wicomico,910,Salisbury Middle,3,53,na,39,na
2018,22,Wicomico,1103,Delmar Elementary,4,63,47,na,na
2018,22,Wicomico,1305,Pinehurst Elementary,4,67,60,na,na
2018,22,Wicomico,1306,Prince Street School,4,64,49,na,na
2018,22,Wicomico,1307,James M. Bennett High,3,55,na,na,38
2018,22,Wicomico,1308,Bennett Middle,3,55,na,45,na
2018,22,Wicomico,1309,Parkside High,3,57,na,na,42
2018,22,Wicomico,1502,Westside Intermediate,4,68,64,na,na
2018,22,Wicomico,1602,Fruitland Intermediate,4,66,55,na,na
2018,23,Worcester,107,Pocomoke High,4,61,na,na,51
2018,23,Worcester,108,Pocomoke Middle,4,64,57,63,na
2018,23,Worcester,207,Snow Hill High,4,73,na,na,77
2018,23,Worcester,208,Snow Hill Middle,4,64,38,78,na
2018,23,Worcester,308,Stephen Decatur Middle,4,63,na,67,na
2018,23,Worcester,310,Stephen Decatur High,4,68,na,na,67
2018,23,Worcester,311,Berlin Intermediate,4,65,54,na,na
2018,23,Worcester,901,Buckingham Elementary,4,63,48,na,na
2018,23,Worcester,1001,Ocean City Elementary,4,73,78,na,na
2018,30,Baltimore City,4,Steuart Hill Academic Academy,3,52,21,na,na
2018,30,Baltimore City,7,Cecil Elementary,2,42,10,na,na
2018,30,Baltimore City,8,City Springs Elementary,3,46,12,28,na
2018,30,Baltimore City,10,James McHenry Elementary,2,37,1,24,na
2018,30,Baltimore City,11,Eutaw-Marshburn Elementary,1,21,1,na,na
2018,30,Baltimore City,12,Lakeland Elementary/Middle,4,63,36,72,na
2018,30,Baltimore City,13,Tench Tilghman Elementary,4,62,34,72,na
2018,30,Baltimore City,15,Stadium School,3,50,na,31,na
2018,30,Baltimore City,16,Johnston Square Elementary,2,34,3,na,na
2018,30,Baltimore City,21,Hilton Elementary,2,35,4,na,na
2018,30,Baltimore City,22,George Washington Elementary,2,43,11,na,na
2018,30,Baltimore City,23,Wolfe Street Academy,4,68,62,na,na
2018,30,Baltimore City,27,Commodore John Rogers Elementary,2,42,8,19,na
2018,30,Baltimore City,28,William Pinderhughes Elementary,1,28,0,14,na
2018,30,Baltimore City,29,Matthew A. Henson Elementary,1,29,2,na,na
2018,30,Baltimore City,31,Coldstream Park Elementary,2,30,2,4,na
2018,30,Baltimore City,34,Charles Carroll Barrister Elementary,4,63,47,na,na
2018,30,Baltimore City,35,Harlem Park Elementary,1,18,0,2,na
2018,30,Baltimore City,37,Harford Heights Elementary,2,39,6,na,na
2018,30,Baltimore City,39,Dallas F. Nicholas Sr. Elementary,2,42,9,na,na
2018,30,Baltimore City,44,Montebello Elementary,2,37,3,16,na
2018,30,Baltimore City,45,Federal Hill Preparatory School,4,69,65,na,na
2018,30,Baltimore City,47,Hampstead Hill Academy,5,79,89,96,na
2018,30,Baltimore City,50,Abbottston Elementary,4,61,41,na,na
2018,30,Baltimore City,51,Waverly Elementary,2,37,4,11,na
2018,30,Baltimore City,53,Margaret Brent Elementary,3,48,18,21,na
2018,30,Baltimore City,54,Barclay Elementary/Middle,2,32,2,9,na
2018,30,Baltimore City,55,Hampden,3,56,30,45,na
2018,30,Baltimore City,58,Dr. Nathan A. Pitts-Ashburton Elementary/Middle,1,23,0,5,na
2018,30,Baltimore City,60,Gwynns Falls Elementary,2,41,8,na,na
2018,30,Baltimore City,61,Dorothy I. Height Elementary School,2,39,7,na,na
2018,30,Baltimore City,62,Edgecombe Circle Elementary,2,38,5,na,na
2018,30,Baltimore City,63,Rosemont Elementary,2,42,12,10,na
2018,30,Baltimore City,64,Liberty Elementary,2,42,10,na,na
2018,30,Baltimore City,66,Mount Royal Elementary/Middle,2,43,14,14,na
2018,30,Baltimore City,67,Edgewood Elementary,2,42,9,na,na
2018,30,Baltimore City,73,Sarah M. Roach Elementary,3,49,18,na,na
2018,30,Baltimore City,75,Calverton,1,16,0,1,na
2018,30,Baltimore City,76,Francis Scott Key Elementary/Middle,3,57,37,40,na
2018,30,Baltimore City,81,North Bend Elementary,3,52,22,34,na
2018,30,Baltimore City,83,William Paca Elementary,2,38,5,na,na
2018,30,Baltimore City,84,Thomas Johnson Elementary,3,59,60,33,na
2018,30,Baltimore City,85,Fort Worthington Elementary,2,32,2,7,na
2018,30,Baltimore City,87,Windsor Hills Elementary,2,38,2,19,na
2018,30,Baltimore City,88,Lyndhurst Elementary,2,42,9,na,na
2018,30,Baltimore City,89,Rognel Heights Elementary/Middle,2,34,1,24,na
2018,30,Baltimore City,95,Franklin Square Elementary,3,47,18,18,na
2018,30,Baltimore City,97,Collington Square Elementary,2,36,4,8,na
2018,30,Baltimore City,105,Moravia Park,3,49,17,na,na
2018,30,Baltimore City,107,Gilmor Elementary,2,42,9,na,na
2018,30,Baltimore City,122,The Historic Samuel Coleridge-Taylor Elementary,2,39,6,na,na
2018,30,Baltimore City,124,Bay-Brook Elementary,2,37,3,15,na
2018,30,Baltimore City,125,Furman Templeton Preparatory Academy,2,40,8,na,na
2018,30,Baltimore City,130,Booker T. Washington Middle,1,17,na,1,na
2018,30,Baltimore City,134,Walter P. Carter Elementary,3,45,6,32,na
2018,30,Baltimore City,142,Robert W. Coleman Elementary,2,32,3,na,na
2018,30,Baltimore City,144,James Mosher Elementary,2,37,5,na,na
2018,30,Baltimore City,145,Alexander Hamilton Elementary,1,28,1,na,na
2018,30,Baltimore City,150,Mary Ann Winterling Elementary at Bentalou,2,39,7,na,na
2018,30,Baltimore City,159,Cherry Hill Elementary/Middle,2,32,1,9,na
2018,30,Baltimore City,160,Dr. Carter Godwin Woodson,2,32,2,6,na
2018,30,Baltimore City,164,Arundel Elementary/Middle,1,29,1,7,na
2018,30,Baltimore City,178,Excel Academy @ Francis M. Wood High,1,19,na,na,1
2018,30,Baltimore City,201,Dickey Hill Elementary/Middle,3,49,15,31,na
2018,30,Baltimore City,203,Maree Garnett Farring Elementary,2,44,19,10,na
2018,30,Baltimore City,204,Mary E. Rodman Elementary,3,59,34,na,na
2018,30,Baltimore City,205,Woodhome Elementary/Middle,3,55,30,36,na
2018,30,Baltimore City,206,Furley Elementary,3,49,17,na,na
2018,30,Baltimore City,207,Curtis Bay Elementary,2,37,4,12,na
2018,30,Baltimore City,210,Hazelwood Elementary/Middle,2,39,3,22,na
2018,30,Baltimore City,211,Gardenville Elementary,2,43,11,na,na
2018,30,Baltimore City,212,Garrett Heights Elementary,2,38,4,13,na
2018,30,Baltimore City,213,Govans Elementary,3,49,17,na,na
2018,30,Baltimore City,214,Guilford Elementary/Middle,2,37,9,6,na
2018,30,Baltimore City,215,Highlandtown Elementary #215,3,53,33,26,na
2018,30,Baltimore City,217,Belmont Elementary,3,52,21,na,na
2018,30,Baltimore City,219,Yorkwood Elementary,4,64,50,na,na
2018,30,Baltimore City,220,Morrell Park Elementary/Middle,3,50,50,8,na
2018,30,Baltimore City,221,The Mount Washington School,3,57,41,34,na
2018,30,Baltimore City,223,Pimlico Elementary,1,20,0,2,na
2018,30,Baltimore City,224,Grove Park Elementary,1,23,0,3,na
2018,30,Baltimore City,225,Westport Academy,2,36,2,16,na
2018,30,Baltimore City,226,Violetville Elementary/Middle,3,52,31,23,na
2018,30,Baltimore City,228,John Ruhrah Elementary,3,53,21,46,na
2018,30,Baltimore City,229,Holabird Elementary,3,45,11,25,na
2018,30,Baltimore City,231,Brehms Lane Public Charter School,2,39,7,na,na
2018,30,Baltimore City,232,Thomas Jefferson Elementary,2,43,12,17,na
2018,30,Baltimore City,233,Roland Park Elementary/Middle,4,69,81,65,na
2018,30,Baltimore City,234,Arlington Elementary/Middle,2,42,11,13,na
2018,30,Baltimore City,235,Glenmount Elementary/Middle,3,58,38,44,na
2018,30,Baltimore City,236,Hamilton Elementary/Middle,4,63,30,80,na
2018,30,Baltimore City,237,Highlandtown Elementary #237,3,48,16,29,na
2018,30,Baltimore City,239,Benjamin Franklin High School at Masonville Cove,2,37,na,na,12
2018,30,Baltimore City,240,Graceland Park/O'Donnel Heights Elementary,3,53,29,30,na
2018,30,Baltimore City,241,Fallstaff Elementary,2,42,11,14,na
2018,30,Baltimore City,242,Northwood Elementary,3,52,21,na,na
2018,30,Baltimore City,243,Armistead Gardens Elementary,3,45,11,22,na
2018,30,Baltimore City,245,Leith Walk Elementary,3,51,17,37,na
2018,30,Baltimore City,246,Beechfield Elementary,2,43,24,4,na
2018,30,Baltimore City,247,Cross Country Elementary,2,43,7,23,na
2018,30,Baltimore City,248,Sinclair Lane Elementary,2,41,8,na,na
2018,30,Baltimore City,249,Medfield Heights Elementary,4,69,66,na,na
2018,30,Baltimore City,250,"Dr. Bernard Harris, Sr. Elementary",2,38,5,na,na
2018,30,Baltimore City,251,Callaway Elementary,3,47,15,na,na
2018,30,Baltimore City,254,"Dr. Martin Luther King, Jr. Elementary",2,35,2,17,na
2018,30,Baltimore City,256,Calvin M. Rodwell Elementary,4,60,38,na,na
2018,30,Baltimore City,260,Frederick Elementary,2,38,5,na,na
2018,30,Baltimore City,261,Lockerman Bundy Elementary,1,26,1,na,na
2018,30,Baltimore City,262,Empowerment Academy,4,66,59,71,na
2018,30,Baltimore City,314,Sharp-Leadenhall Elementary,2,36,4,na,na
2018,30,Baltimore City,321,Midtown Academy,4,71,86,70,na
2018,30,Baltimore City,322,New Song Academy,3,48,14,29,na
2018,30,Baltimore City,323,The Crossroads School,3,52,na,34,na
2018,30,Baltimore City,325,ConneXions: A  Community Based Arts School,2,30,na,2,10
2018,30,Baltimore City,326,City Neighbors Charter School,4,66,49,77,na
2018,30,Baltimore City,327,Patterson Park Public Charter School,4,63,72,39,na
2018,30,Baltimore City,328,Southwest Baltimore Charter School,3,52,16,49,na
2018,30,Baltimore City,330,Northwood Appold Community Academy,1,27,1,na,na
2018,30,Baltimore City,332,The Green School,4,66,57,na,na
2018,30,Baltimore City,333,Independence School Local I,2,38,na,na,13
2018,30,Baltimore City,335,Baltimore International Academy,3,56,21,62,na
2018,30,Baltimore City,336,Baltimore Montessori Public Charter School,3,57,22,61,na
2018,30,Baltimore City,337,Afya Public Charter School,2,38,na,10,na
2018,30,Baltimore City,339,Friendship Academy of Engineering and Technology,1,28,na,1,14
2018,30,Baltimore City,341,The Reach! Partnership School,2,35,na,na,11
2018,30,Baltimore City,342,K.A.S.A. (Knowledge And Success Academy),1,21,na,0,4
2018,30,Baltimore City,345,Joseph C. Briscoe Academy,1,23,na,2,na
2018,30,Baltimore City,346,City Neighbors Hamilton,3,50,8,57,na
2018,30,Baltimore City,347,KIPP Academy,2,38,3,18,na
2018,30,Baltimore City,348,Baltimore Leadership School for Young Women,3,49,na,12,41
2018,30,Baltimore City,349,N.A.C.A. Freedom and Democracy Academy II,2,36,na,6,15
2018,30,Baltimore City,357,Banneker Blake Academy for Arts and Sciences,2,40,na,13,na
2018,30,Baltimore City,362,Bard High School Early College,4,65,na,na,60
2018,30,Baltimore City,364,Bluford Drew Jemison STEM Academy West,1,26,na,0,13
2018,30,Baltimore City,368,Elmer A. Henderson: Johns Hopkins Partner School,3,54,19,55,na
2018,30,Baltimore City,371,Lillie May Carroll Jackson School,2,43,1,57,na
2018,30,Baltimore City,373,Tunbridge Public Charter School,4,71,60,93,na
2018,30,Baltimore City,374,Vanguard Collegiate Middle School,2,32,na,5,na
2018,30,Baltimore City,375,Baltimore Collegiate School for Boys,2,41,3,28,na
2018,30,Baltimore City,376,City Neighbors High School,3,46,na,na,24
2018,30,Baltimore City,377,Green Street Academy,2,43,na,8,31
2018,30,Baltimore City,379,Roots and Branches School,1,12,0,na,na
2018,30,Baltimore City,381,Monarch Academy Public Charter School,2,30,3,4,na
2018,30,Baltimore City,382,Baltimore Design School,3,46,na,11,35
2018,30,Baltimore City,384,Creative City Public Charter School,1,21,0,na,na
2018,30,Baltimore City,400,Edmondson-Westside High,3,45,na,na,22
2018,30,Baltimore City,403,Baltimore Polytechnic Institute,5,78,na,na,87
2018,30,Baltimore City,405,Patterson High,2,34,na,na,9
2018,30,Baltimore City,406,Forest Park High,2,35,na,na,10
2018,30,Baltimore City,407,Western High,3,58,na,na,43
2018,30,Baltimore City,410,Mergenthaler Vocational-Technical High,3,45,na,na,22
2018,30,Baltimore City,413,Achievement Academy @ Harbor City High,1,24,na,na,2
2018,30,Baltimore City,414,Paul Laurence Dunbar High,3,46,na,na,25
2018,30,Baltimore City,415,Baltimore School for the Arts,5,77,na,na,84
2018,30,Baltimore City,416,Digital Harbor High School,2,41,na,na,17
2018,30,Baltimore City,419,Reginald F. Lewis High School,2,30,na,na,6
2018,30,Baltimore City,421,National Academy Foundation,2,32,na,3,12
2018,30,Baltimore City,422,New Era Academy,1,26,na,0,11
2018,30,Baltimore City,427,Academy for College and Career Exploration,1,24,na,0,7
2018,30,Baltimore City,429,Vivien T. Thomas Medical Arts Academy,2,40,na,na,15
2018,30,Baltimore City,430,Augusta Fells Savage Institute of Visual Arts,2,33,na,na,7
2018,30,Baltimore City,432,Coppin Academy,2,44,na,na,19
2018,30,Baltimore City,433,Renaissance Academy,2,30,na,na,5
2018,30,Baltimore City,450,Frederick Douglass High,2,33,na,na,8
2018,30,Baltimore City,454,Carver Vocational-Technical High,2,43,na,na,18
2018,30,Baltimore City,480,Baltimore City College,4,70,na,na,70
2018,32,SEED,1000,The Seed School of Maryland,2,42,na,8,29
